family,noise,budget,method,n,mean_diff,sd_diff,ci_lo,ci_hi,p_wilcoxon,p_ttest,median_diff,mean_err_method,mean_err_none,ratio,mean_Cmax,effect_in_ratio_units,practically_meaningful,p_adj_BH,significant_BH_0.05,verdict
F2,dev_algiers,1500,zne,180,-0.10793248598622619,0.08858213712142564,-0.12072488308768352,-0.0949630407010104,2.695387420988741e-26,2.396199628182122e-37,-0.11417252173207393,0.1110986951299982,0.21903118111622438,0.5072277589145902,7.166666666666667,-0.015060346881799002,True,6.615950942426909e-26,True,helps (practically meaningful)
F2,dev_algiers,1500,rem,180,-0.03749310593617797,0.0334592967655677,-0.042785272171938685,-0.03297719344199373,4.0360388211122e-28,1.4492789999837847e-33,-0.03289538364763933,0.18153807518004644,0.21903118111622438,0.828822975134837,7.166666666666667,-0.0052315961771411115,False,1.089730481700294e-27,True,helps (below delta)
F2,dev_algiers,1500,zne_rem,180,-0.09710077339226555,0.10527633950959163,-0.11230356629181103,-0.08117849865733691,9.299222679707514e-21,8.197933812311295e-26,-0.10462715470900608,0.12193040772395883,0.21903118111622438,0.556680592701817,7.166666666666667,-0.01354894512450217,True,1.3214684860636994e-20,True,helps (practically meaningful)
F2,dev_algiers,6000,zne,180,-0.1473276119593556,0.054917168930850184,-0.15534035082884823,-0.13934130249209511,2.7348870910495993e-31,6.923620223548012e-84,-0.14806835506540716,0.06640449508279475,0.21373210704215034,0.31069031228751726,7.166666666666667,-0.02055734120363101,True,1.2306991909723197e-30,True,helps (practically meaningful)
F2,dev_algiers,6000,rem,180,-0.037854549825082434,0.01634780772514649,-0.040234752460841613,-0.03549310375716741,3.2329792362780084e-31,5.104105118089118e-74,-0.03728621388968367,0.1758775572170679,0.21373210704215034,0.8228878648652582,7.166666666666667,-0.005282030208151037,False,1.2470062768500889e-30,True,helps (below delta)
F2,dev_algiers,6000,zne_rem,180,-0.1553348766974321,0.058393652148861636,-0.16364924755992277,-0.1467484801696834,2.7348870910495993e-31,2.616855596116696e-83,-0.1644506099100056,0.05839723034471825,0.21373210704215034,0.27322628852015046,7.166666666666667,-0.02167463395778122,True,1.2306991909723197e-30,True,helps (practically meaningful)
F2,dev_algiers,24000,zne,180,-0.16218401232283253,0.04769679160362867,-0.16899846182853498,-0.1553774809227824,2.7348870910495993e-31,1.6869905211043338e-100,-0.163687499999996,0.05078605768228075,0.2129700700051133,0.2384657040356018,7.166666666666667,-0.022630327300860353,True,1.2306991909723197e-30,True,helps (practically meaningful)
F2,dev_algiers,24000,rem,180,-0.03664139791908257,0.008235955375783213,-0.03783922178181465,-0.03542255434511373,2.7348870910495993e-31,4.219960206174292e-120,-0.036768027560198036,0.1763286720860307,0.2129700700051133,0.8279504818766183,7.166666666666667,-0.0051127531980115215,False,1.2306991909723197e-30,True,helps (below delta)
F2,dev_algiers,24000,zne_rem,180,-0.1835750234362917,0.04791949585689067,-0.1905915139141603,-0.17642780451081033,2.7348870910495993e-31,4.1027967786980585e-109,-0.18340239818214066,0.029395046568821588,0.2129700700051133,0.13802430814863248,7.166666666666667,-0.025615119549250005,True,1.2306991909723197e-30,True,helps (practically meaningful)
F2,dev_lagos,1500,zne,180,-0.11798333333333172,0.15120876284016127,-0.1402079845737331,-0.09626737563860273,2.854671276668458e-17,2.6114180798471297e-20,-0.12449999999999584,0.9044848848199298,1.0224682181532612,0.8846092903049565,7.166666666666667,-0.016462790697674194,True,3.8538062235024183e-17,True,helps (practically meaningful)
F2,dev_lagos,1500,rem,180,0.01761104807310751,0.24321017781250073,-0.01607521785793564,0.054508223116534894,0.4122435327770694,0.3326137281090156,0.015659691784535523,1.040079266226369,1.0224682181532612,1.0172240542644113,7.166666666666667,0.0024573555450847686,False,0.4122435327770693,False,no resolvable difference
F2,dev_lagos,1500,zne_rem,180,-0.05025416976573325,0.3831158751737645,-0.10485797237121908,0.005950719728131715,0.0387321204290696,0.08013965643122728,-0.05773839750205978,0.9722140483875282,1.0224682181532612,0.9508501400107087,7.166666666666667,-0.007012209734753476,False,0.0402218173686492,True,helps (below delta)
F2,dev_lagos,6000,zne,180,-0.1098418981481465,0.07356797383425069,-0.1207846106524863,-0.09898076597153746,1.322101319754555e-29,1.3795749613185134e-47,-0.10789583333332908,0.9061022459310408,1.0159441440791874,0.8918819515932118,7.166666666666667,-0.015326776485787884,True,4.462091954171623e-29,True,helps (practically meaningful)
F2,dev_lagos,6000,rem,180,-0.09626203860068215,0.2124219896007142,-0.12648631716699518,-0.0646604045859591,1.1938182639189704e-09,7.086181705409682e-09,-0.09065176930046004,0.9196821054785053,1.0159441440791874,0.9052486899386281,7.166666666666667,-0.013431912362885882,True,1.5349091964672477e-09,True,helps (practically meaningful)
F2,dev_lagos,6000,zne_rem,180,-0.07305340327679637,0.4140257163793435,-0.13319384098168394,-0.010553568321784746,0.007148581688653172,0.018986899517158037,-0.09348657917022152,0.9428907408023911,1.0159441440791874,0.9280930908430904,7.166666666666667,-0.010193498131646004,True,0.008391813286679812,True,helps (practically meaningful)
F2,dev_lagos,24000,zne,180,-0.11856322337962803,0.047569499216504045,-0.1255365227164638,-0.1116675062563405,2.7348870910495993e-31,6.65752383219521e-79,-0.12168749999999662,0.9001269855143742,1.0186902088940022,0.8836120909531929,7.166666666666667,-0.016543705587855072,True,1.2306991909723197e-30,True,helps (practically meaningful)
F2,dev_lagos,24000,rem,180,-0.3276726194307182,0.1626020561088475,-0.3484364544113218,-0.3001777945539587,8.885903203154019e-29,4.161236752066859e-65,-0.34445702999846484,0.6910175894632842,1.0186902088940022,0.678339286497635,7.166666666666667,-0.045721760850797884,True,2.665770960946206e-28,True,helps (practically meaningful)
F2,dev_lagos,24000,zne_rem,180,-0.34372676770920685,0.322840076279538,-0.3886580916825647,-0.29422745042844356,2.8554322499449044e-25,2.1835135405225213e-31,-0.32070548772177965,0.6749634411847953,1.0186902088940022,0.6625796883996824,7.166666666666667,-0.04796187456407537,True,5.139778049900828e-25,True,helps (practically meaningful)
F2,ideal,1500,zne,180,0.07868353288544314,0.08513497845077254,0.06670999425344899,0.09171112006754485,1.7865012963511695e-24,6.921688347822768e-26,0.06383333333333274,0.1022908346522536,0.02360730176681048,4.333016778565704,7.166666666666667,0.010979097611922298,True,2.6797519445267544e-24,True,harms (practically meaningful)
F2,ideal,1500,rem,180,0.003851329940463567,0.014557803839104697,0.0017448038453562276,0.006001414304050017,0.0002478177970159766,0.000493335552297732,0.0040000000000000036,0.027458631707274042,0.02360730176681048,1.1631414711645762,7.166666666666667,0.0005373948754135209,False,0.00030414002361051675,True,harms (below delta)
F2,ideal,1500,zne_rem,180,0.08387507134557796,0.09046953157198796,0.0711429307879184,0.09779888091732483,1.1476059810938255e-24,5.336584358400281e-26,0.06360286888140365,0.10748237311238845,0.02360730176681048,4.552929181576269,7.166666666666667,0.011703498327289948,True,1.9365850930958304e-24,True,harms (practically meaningful)
F2,ideal,6000,zne,180,0.034285983461435736,0.038217968215709844,0.029136722834827166,0.04019730527877298,1.3401772922597723e-24,7.928167239570419e-25,0.025607883912073914,0.046678556980270555,0.012392573518834814,3.7666556433436766,7.166666666666667,0.004784090715549172,False,2.1285168759419914e-24,True,harms (below delta)
F2,ideal,6000,rem,180,0.0013623386099029479,0.007997564529125215,0.00020187347185468392,0.0025178507749759084,0.036949742498279696,0.023461504057259896,0.00110416666666735,0.013754912128737761,0.012392573518834814,1.109931856190516,7.166666666666667,0.00019009375952134156,False,0.03990572189814207,True,harms (below delta)
F2,ideal,6000,zne_rem,180,0.03793580663253814,0.04077094581201758,0.03239545224687661,0.04446159109190841,1.1412910517627201e-25,3.945203468183917e-26,0.026186193618596088,0.050328380151372955,0.012392573518834814,4.061172610748003,7.166666666666667,0.005293368367330903,False,2.3703737228918033e-25,True,harms (below delta)
F2,ideal,24000,zne,180,0.018208105522577612,0.01905580689962515,0.015668266092249652,0.0212445965328434,8.964503208305696e-26,4.122485271615917e-27,0.015048366087924592,0.024168164471543945,0.0059600589489663324,4.055021045678665,7.166666666666667,0.0025406658868712944,False,2.0170132218687815e-25,True,harms (below delta)
F2,ideal,24000,rem,180,0.0006596338822924257,0.004089799360284129,4.484301486243877e-05,0.0012236637802101084,0.011394245391698867,0.03179713215748444,0.0005104166666669574,0.006619692831258759,0.0059600589489663324,1.1106757312202136,7.166666666666667,9.20419370640594e-05,False,0.012818526065661225,True,harms (below delta)
F2,ideal,24000,zne_rem,180,0.020904909105172138,0.022279907630208873,0.01785149824639089,0.024467855847347647,2.5711898828606055e-25,1.9493100387787015e-26,0.015312680361466935,0.026864968054138468,0.0059600589489663324,4.507500392894222,7.166666666666667,0.0029169640611868097,False,4.958723345516883e-25,True,harms (below delta)
