task,noise,budget,method,n_seeds,mean_abs_error,std_abs_error,ci_lo,ci_hi,bias,variance,rmse,mean_circuit_executions,mean_shots,mean_wall_clock_s
qaoa_p1,dev_algiers,1500,none,10,0.2006891324134598,0.028447569272801863,0.18448913241345988,0.21742246574679305,-0.2006891324134598,0.0008092641975308607,0.202495594141317,1.0,1500.0,1.7763366280123591
qaoa_p1,dev_algiers,1500,rem,10,0.10283306123159948,0.043697917793347044,0.07701359081627376,0.12827598580297087,-0.10283306123159948,0.001909508019474116,0.1108746846660165,13.0,1500.0,3.4208959761075675
qaoa_p1,dev_algiers,1500,zne,10,0.9527775342532045,0.449363994997375,0.7167775342532037,1.2365775342532062,0.9527775342532045,0.20192800000000088,1.0438008573370772,3.0,1500.0,4.167222187598236
qaoa_p1,dev_algiers,1500,zne_rem,10,1.0700124022397894,0.5535919143166883,0.7664845993275514,1.4168630899691954,1.0700124022397894,0.3064640075968156,1.191949725359295,15.0,1500.0,5.976930653618183
qaoa_p1,dev_algiers,3000,none,10,0.22205579908012654,0.020041469352997974,0.20952246574679326,0.23258913241345985,-0.22205579908012654,0.000401660493827157,0.22286828475482545,1.0,3000.0,1.3071434976067393
qaoa_p1,dev_algiers,3000,rem,10,0.13715735697702253,0.025707142981074498,0.12148268619571427,0.1514306881095865,-0.13715735697702253,0.0006608572002494078,0.13930869338683377,13.0,3000.0,2.815398758801166
qaoa_p1,dev_algiers,3000,zne,10,0.9727775342532065,0.44970582977467904,0.7353725342532074,1.2592800342532053,0.9727775342532065,0.20223533333333263,1.0622184008704365,3.0,3000.0,4.3768243958009405
qaoa_p1,dev_algiers,3000,zne_rem,10,1.0900443013699905,0.5049625931601668,0.8190691200610254,1.406851134791331,1.0900443013699905,0.2549872204910401,1.190665812640611,15.0,3000.0,6.3636855177814144
qaoa_p1,dev_algiers,6000,none,10,0.2075557990801265,0.00979795897113273,0.2018553824134598,0.21328913241345981,-0.2075557990801265,9.600000000000035e-05,0.20776383162569426,1.0,6000.0,1.1984583158977329
qaoa_p1,dev_algiers,6000,rem,10,0.17545661919934305,0.021543491058633343,0.1637322544540998,0.18892622878752743,-0.17545661919934305,0.00046412200699341477,0.1766429591779909,13.0,6000.0,2.4328984417836184
qaoa_p1,dev_algiers,6000,zne,10,0.9613275342532072,0.425890925655333,0.7378775342532077,1.235381284253209,0.9613275342532072,0.18138308055555635,1.0427825279574605,3.0,6000.0,4.381161109998357
qaoa_p1,dev_algiers,6000,zne_rem,10,1.0723751544528792,0.4470363455983009,0.8350258464133982,1.3512158494315136,1.0723751544528792,0.19984149428588352,1.1531894106109075,15.0,6000.0,5.910557132121175
qaoa_p1,dev_algiers,12000,none,10,0.20504746574679303,0.008402899448154987,0.20000538241345955,0.20984746574679303,-0.20504746574679303,7.06087191358034e-05,0.2052023661082018,1.0,12000.0,1.3200601201155222
qaoa_p1,dev_algiers,12000,rem,10,0.16689250221328553,0.007033494291935062,0.16279955475706634,0.1710618168175719,-0.16689250221328553,4.947004195468309e-05,0.1670258373209688,13.0,12000.0,3.310694834392052
qaoa_p1,dev_algiers,12000,zne,10,0.9870025342532062,0.4534712787977238,0.7500987842532065,1.2779044092532057,0.9870025342532062,0.20563620069444294,1.076683139668886,3.0,12000.0,4.102653911686502
qaoa_p1,dev_algiers,12000,zne_rem,10,1.0379689812878443,0.4792845472144354,0.7867582515895368,1.3456715636004262,1.0379689812878443,0.22971367719854635,1.13319103225997,15.0,12000.0,5.889602422900498
qaoa_p1,dev_algiers,24000,none,10,0.20190996574679324,0.009284787147616358,0.19639329908012665,0.20735173658012654,-0.20190996574679324,8.62072723765419e-05,0.20210200595988675,1.0,24000.0,1.3700363066280261
qaoa_p1,dev_algiers,24000,rem,10,0.15818789675944123,0.004210675676347985,0.15556687768783822,0.1605381216537675,-0.15818789675944123,1.772978965138856e-05,0.15823832497805923,13.0,24000.0,2.9137257636291904
qaoa_p1,dev_algiers,24000,zne,10,1.0073400342532064,0.4549500821595102,0.775025971753206,1.296518159253207,1.0073400342532064,0.20697957725694507,1.095908556468331,3.0,24000.0,4.9140485906042155
qaoa_p1,dev_algiers,24000,zne_rem,10,1.0802440093244037,0.4758180516028642,0.8342081502395101,1.385982285019566,1.0802440093244037,0.22640281823114597,1.1707645604857084,15.0,24000.0,6.983213913114741
qaoa_p1,dev_lagos,1500,none,10,1.0010891324134596,0.06216489422555211,0.9635557990801263,1.0364224657467929,-1.0010891324134596,0.003864474074074082,1.0028247492473448,1.0,1500.0,0.6687335820985026
qaoa_p1,dev_lagos,1500,rem,10,1.248450197661222,0.44700617832935247,0.9750030022425424,1.4998357819117378,-1.248450197661222,0.19981452346461287,1.3185070978794522,13.0,1500.0,1.154603462421801
qaoa_p1,dev_lagos,1500,zne,10,0.556022465746795,0.15546403657009134,0.4616224657467945,0.6442274657467966,-0.556022465746795,0.024169066666666697,0.5752505040546647,3.0,1500.0,2.04371830788441
qaoa_p1,dev_lagos,1500,zne_rem,10,1.4128873945171982,0.9565351269755307,0.8593594498293889,1.9713294347710373,-1.163757070175215,1.6282041949189798,1.679200492439745,15.0,1500.0,2.691877481911797
qaoa_p1,dev_lagos,3000,none,10,0.9926557990801264,0.04211479022333554,0.9702216324134597,1.019989965746793,-0.9926557990801264,0.0017736555555555584,0.9934595238093017,1.0,3000.0,0.8252750426065176
qaoa_p1,dev_lagos,3000,rem,10,0.5150196074121276,0.22590507923210087,0.3853848072212576,0.6491336671415916,-0.5150196074121276,0.051033104822861775,0.5578306108125634,13.0,3000.0,1.6113467743736691
qaoa_p1,dev_lagos,3000,zne,10,0.6381224657467975,0.18270160858016266,0.532219965746796,0.7458224657467987,-0.6381224657467975,0.03337987777777897,0.661242898858486,3.0,3000.0,1.7320751319057308
qaoa_p1,dev_lagos,3000,zne_rem,10,0.8376906699283335,0.5996000977132069,0.5004614022068581,1.2003586989486126,0.5112020912860251,0.8488514775663255,1.01256797695014,15.0,3000.0,3.1986462648259475
qaoa_p1,dev_lagos,6000,none,10,1.0056057990801268,0.03468536265798651,0.9872216324134598,1.0271557990801263,-1.0056057990801268,0.0012030743827160452,1.0061440205497543,1.0,6000.0,0.6084483811981045
qaoa_p1,dev_lagos,6000,rem,10,0.5360914204573276,0.40968631569343456,0.3369894010524278,0.8012468114759606,-0.5360914204573276,0.16784287726646052,0.6621575346001658,13.0,6000.0,1.9680601921281777
qaoa_p1,dev_lagos,6000,zne,10,0.5147724657467948,0.12027386573057965,0.4424199657467953,0.5822237157467938,-0.5147724657467948,0.0144658027777775,0.5272664544526181,3.0,6000.0,2.047306591900997
qaoa_p1,dev_lagos,6000,zne_rem,10,1.0680758015323675,0.806333996589765,0.6214766330413904,1.555720664693002,0.45187355754671354,1.690836964955408,1.3137514911389407,15.0,6000.0,2.947644522122573
qaoa_p1,dev_lagos,12000,none,10,1.004322465746793,0.02130875320057378,0.9915807990801262,1.0164310074134595,-1.004322465746793,0.0004540629629629633,1.0045258940765962,1.0,12000.0,0.7742883961996995
qaoa_p1,dev_lagos,12000,rem,10,0.46234358442775847,0.38791927349394395,0.28495707425862005,0.7241364209324652,-0.46234358442775847,0.15048136274806928,0.5909270822485378,13.0,12000.0,1.327046439202968
qaoa_p1,dev_lagos,12000,zne,10,0.5508724657467949,0.12261611277116681,0.4817199657467945,0.6235237157467955,-0.5508724657467949,0.015034711111111496,0.5630201715018336,3.0,12000.0,2.0125840568915008
qaoa_p1,dev_lagos,12000,zne_rem,10,1.4514499423906424,0.711394984175632,1.07291314482569,1.9095888619298338,0.7532031709959636,2.2165182884740515,1.600681566216411,15.0,12000.0,3.158922202093527
qaoa_p1,dev_lagos,24000,none,10,1.00231413241346,0.030709779979995806,0.9846680907467933,1.0209432990801264,-1.00231413241346,0.0009430905864197511,1.0027374539546852,1.0,24000.0,0.7625116085750051
qaoa_p1,dev_lagos,24000,rem,10,0.34982128286380004,0.27544377780977747,0.23668336007302612,0.5313236285094867,-0.34982128286380004,0.07586927473412207,0.4366431920976035,13.0,24000.0,1.6968507197103464
qaoa_p1,dev_lagos,24000,zne,10,0.5372849657467962,0.12489550145910822,0.46406871574679637,0.6106496532467957,-0.5372849657467962,0.015598886284722101,0.5501946310841155,3.0,24000.0,2.3222482301760463
qaoa_p1,dev_lagos,24000,zne_rem,10,1.407870947371327,0.577015565975896,1.078780255298739,1.7348799163581279,1.254654424900214,0.7862168284124289,1.5105472092896912,15.0,24000.0,3.6285600045812316
qaoa_p1,ideal,1500,none,10,0.03528884018397473,0.02566093786907889,0.02086652055192424,0.05046722465746804,0.0013775342532069245,0.0020400444444444517,0.042871174472117794,1.0,1500.0,0.13618065561167897
qaoa_p1,ideal,1500,rem,10,0.03247768036794927,0.02825973244493229,0.016538415073831306,0.04949999999999992,-0.0032224657467933683,0.001959074074074071,0.042113548320652346,13.0,1500.0,0.6794763867859729
qaoa_p1,ideal,1500,zne,10,0.033488986298720214,0.021072208242338925,0.020844493149361813,0.04553347944807771,-0.0166224657467982,0.0013831555555555975,0.03900187646131295,3.0,1500.0,0.9489074754179455
qaoa_p1,ideal,1500,zne_rem,10,0.03550000000000075,0.01668962931469285,0.02581101370128118,0.04521735753812316,-0.0022224657467992516,0.001673333333333363,0.03887080336185146,15.0,1500.0,1.6348654863075354
qaoa_p1,ideal,3000,none,10,0.023177826482691975,0.014179453134881854,0.01494421780682655,0.03162259497458262,-0.004822465746793014,0.0007721185185185171,0.026798560456592763,1.0,3000.0,0.17149451643927022
qaoa_p1,ideal,3000,rem,10,0.025208333333333145,0.01680109567208363,0.01589414235415115,0.03564442134955176,-0.00543079908012647,0.0009555729166666546,0.029824640880464787,13.0,3000.0,1.1223412820370868
qaoa_p1,ideal,3000,zne,10,0.03298898629872005,0.03001270760322357,0.016044493149359868,0.051233754790612686,-0.02092246574679857,0.0016235666666667937,0.04357705328410899,3.0,3000.0,1.0453046946669928
qaoa_p1,ideal,3000,zne_rem,10,0.03906398629871895,0.03220827145879071,0.02084373047809384,0.058783479448078914,-0.03109746574679928,0.001658420138888871,0.0495946620199527,15.0,3000.0,1.746594902582001
qaoa_p1,ideal,6000,none,10,0.009494493149358529,0.008512306296008219,0.004677692464294276,0.01468898150810929,-0.002272465746793184,0.00016688302469135868,0.012464301937636584,1.0,6000.0,0.2698336499975994
qaoa_p1,ideal,6000,rem,10,0.015501486298717193,0.00821858926310664,0.011012404276809738,0.020498829854151305,-0.0024932990801263878,0.00032763358410493816,0.017351851947195823,13.0,6000.0,1.3403880883008241
qaoa_p1,ideal,6000,zne,10,0.030244493149361416,0.021161669898453785,0.01803264246187881,0.043000000000001315,-0.007222465746798435,0.0014062222222223396,0.0363010194273354,3.0,6000.0,0.9260648801107891
qaoa_p1,ideal,6000,zne_rem,10,0.032343006850640864,0.02205455764721531,0.019340832195590043,0.0452521746550518,-3.4965746800441624e-05,0.0016487022569445133,0.03852055625057238,15.0,6000.0,1.629061762301717
qaoa_p1,ideal,12000,none,10,0.005780652965383925,0.005696933750066679,0.002961159816025203,0.009600146114742625,-0.00276413241345983,6.109452160494067e-05,0.007913627325290589,1.0,12000.0,0.2516368710785173
qaoa_p1,ideal,12000,rem,10,0.00713764611474268,0.00536277261283411,0.004491069632050768,0.01056571443536755,-0.005764132413460033,4.8449074074075456e-05,0.008765237540795372,13.0,12000.0,1.1342347243218682
qaoa_p1,ideal,12000,zne,10,0.01771949314935801,0.011278730711330648,0.011324862328730988,0.024599999999999345,-0.0022474657467975055,0.0004704645833332881,0.020699498237469124,3.0,12000.0,0.8800699241110124
qaoa_p1,ideal,12000,zne_rem,10,0.018595236298720952,0.013428962451522216,0.010845217719986224,0.026720236298720848,-0.004628715746797507,0.0005407345920139692,0.022540766230925324,15.0,12000.0,1.5965382554917595
qaoa_p1,ideal,24000,none,10,0.005713986298717178,0.003135564728425972,0.0038791666666667425,0.007605652965383761,-0.004047465746792956,2.7906944444443902e-05,0.006441911903422909,1.0,24000.0,0.4325669817160815
qaoa_p1,ideal,24000,rem,10,0.007663687781409223,0.005366044869834896,0.004586157143700554,0.010912944632050614,-0.003290174080126462,8.202428747106473e-05,0.009200386089805921,13.0,24000.0,1.1487154510105029
qaoa_p1,ideal,24000,zne,10,0.007683479448077524,0.006781855964363725,0.004019392635560323,0.011958617119342624,-0.004547465746796586,8.861180555553301e-05,0.010021480415500893,3.0,24000.0,1.2122653558151797
qaoa_p1,ideal,24000,zne_rem,10,0.011408479448077546,0.007970299751611799,0.006941197168062537,0.0161421112987186,-0.004909965746797607,0.0001813541666666342,0.01368672764522976,15.0,24000.0,1.5791979498811997
qaoa_p1,param_lam0.5,1500,none,10,0.14948913241345982,0.04104463093262081,0.12422079908012652,0.17255579908012636,-0.14948913241345982,0.001684661728395053,0.1544771706929036,1.0,1500.0,0.3795310472836718
qaoa_p1,param_lam0.5,1500,rem,10,0.05721602584814685,0.03083657123304943,0.039970373100951334,0.07585938555969825,-0.05721602584814685,0.0009508941254109316,0.06426101716223956,13.0,1500.0,1.0231645521242172
qaoa_p1,param_lam0.5,1500,zne,10,0.12277797259743961,0.09656066981895953,0.06844283013556068,0.18182635341806558,-0.12102246574679851,0.009799511111111246,0.1531861521660334,3.0,1500.0,1.6113595028058625
qaoa_p1,param_lam0.5,1500,zne_rem,10,0.09679672822246603,0.10706093230095917,0.04409519543720374,0.1660939740194881,-0.06623986751908033,0.016997472720293495,0.14030483062678015,15.0,1500.0,3.282175972103141
qaoa_p1,param_lam0.5,3000,none,10,0.15342246574679316,0.026384245205457894,0.13695579908012645,0.1674557990801265,-0.15342246574679316,0.0006961283950617279,0.15545085574348402,1.0,3000.0,0.4790876668994315
qaoa_p1,param_lam0.5,3000,rem,10,0.06863309976486383,0.02798321484072318,0.05175146189452366,0.08420869395219661,-0.06863309976486383,0.0007830603128220701,0.07358842752004975,13.0,3000.0,1.1405834228848106
qaoa_p1,param_lam0.5,3000,zne,10,0.12312246574680116,0.07578984100788197,0.08192246574680154,0.16772246574680016,-0.12312246574680116,0.005744100000000027,0.1425792115687706,3.0,3000.0,1.3981630179099738
qaoa_p1,param_lam0.5,3000,zne_rem,10,0.053308236647542986,0.06111205084188205,0.021289529223157303,0.09291086643928592,-0.047283642260134685,0.004408044168196388,0.07875901584429013,15.0,3000.0,3.573279688786715
qaoa_p1,param_lam0.5,6000,none,10,0.15090579908012652,0.016020328521161042,0.14100538241345983,0.15983913241345976,-0.15090579908012652,0.00025665092592592597,0.151669199342994,1.0,6000.0,0.3961192816961557
qaoa_p1,param_lam0.5,6000,rem,10,0.10496761762075409,0.02090305021248707,0.09268104646342164,0.11743066879656357,-0.10496761762075409,0.0004369375081857557,0.1068243628876111,13.0,6000.0,1.289718651783187
qaoa_p1,param_lam0.5,6000,zne,10,0.1074224657467985,0.0568194997826932,0.07687246574679847,0.14287496574679823,-0.1074224657467985,0.0032284555555554726,0.12018816974695147,3.0,6000.0,1.6742290831869469
qaoa_p1,param_lam0.5,6000,zne_rem,10,0.0582607557049891,0.047567230063028744,0.032117605860687785,0.08774319394964282,-0.04849214727336326,0.0034213383849078472,0.07369323505993351,15.0,6000.0,2.780938430677634
qaoa_p1,param_lam0.5,12000,none,10,0.15550579908012646,0.007635019221882788,0.15104725741345967,0.1600724657467932,-0.15550579908012646,5.829351851851966e-05,0.1556743964633084,1.0,12000.0,0.39473196618491785
qaoa_p1,param_lam0.5,12000,rem,10,0.10451030216740058,0.017685703135030487,0.09391248787430415,0.11483325691322692,-0.10451030216740058,0.00031278409538042717,0.1058485188605101,13.0,12000.0,1.6902806011145004
qaoa_p1,param_lam0.5,12000,zne,10,0.09394746574679776,0.036125831401429775,0.0732974657467978,0.11512371574679904,-0.09394746574679776,0.0013050756944445296,0.10000347216594939,3.0,12000.0,1.8704353539855219
qaoa_p1,param_lam0.5,12000,zne_rem,10,0.040778487442715686,0.037055165150331686,0.02218879703339796,0.0652055940043095,-0.0375204838740026,0.0016565278509588352,0.05383922153971248,15.0,12000.0,2.9261951313121246
qaoa_p1,param_lam0.5,24000,none,10,0.1554557990801265,0.006432406141206489,0.1519599657467933,0.15940996574679306,-0.1554557990801265,4.1375848765430954e-05,0.155575524204579,1.0,24000.0,0.8289643671945669
qaoa_p1,param_lam0.5,24000,rem,10,0.09636856627180723,0.014234083551337028,0.08808242585813471,0.10500526111256989,-0.09636856627180723,0.00020260913454644332,0.09731006518534197,13.0,24000.0,1.6099103074171581
qaoa_p1,param_lam0.5,24000,zne,10,0.10173496574679666,0.024441430132963043,0.0881596532467956,0.11642246574679485,-0.10173496574679666,0.0005973835069445139,0.10434389494240644,3.0,24000.0,1.8400238278089092
qaoa_p1,param_lam0.5,24000,zne_rem,10,0.037208614690793326,0.031141481072491598,0.01977122321063326,0.0561474989973276,-0.037208614690793326,0.0009697918433883525,0.047510984690463304,15.0,24000.0,2.876780769380275
qaoa_p1,param_lam1,1500,none,10,0.28248913241345974,0.04193051277094725,0.2584891324134596,0.30795579908012644,-0.28248913241345974,0.00175816790123457,0.2852761136913154,1.0,1500.0,0.3414217007113621
qaoa_p1,param_lam1,1500,rem,10,0.05228669167929949,0.03527613430719843,0.03406785711714894,0.0748929086709451,-0.05228669167929949,0.001244405651659502,0.06207949108409055,13.0,1500.0,1.349367820401676
qaoa_p1,param_lam1,1500,zne,10,0.19317797259743869,0.1290444349402349,0.12297797259743917,0.27318297259743834,-0.1582224657467984,0.030300666666666722,0.22870275176962093,3.0,1500.0,1.5408115227008239
qaoa_p1,param_lam1,1500,zne_rem,10,0.18436849085836426,0.11189825904880095,0.11767959474475076,0.2514430923426732,0.03522629678907015,0.048911051973618225,0.21274594887265905,15.0,1500.0,2.422040186508093
qaoa_p1,param_lam1,3000,none,10,0.2894224657467931,0.023528915753668025,0.27425496574679303,0.3018891324134597,-0.2894224657467931,0.0005536098765432074,0.2902819535690128,1.0,3000.0,0.40078196320682763
qaoa_p1,param_lam1,3000,rem,10,0.1025353622506449,0.02378798381631657,0.087597085906164,0.11542731314630994,-0.1025353622506449,0.000565868174045339,0.10498943693777857,13.0,3000.0,1.7083065176848322
qaoa_p1,param_lam1,3000,zne,10,0.19292246574679703,0.11678855537537361,0.12572246574679624,0.26202996574679727,-0.19292246574679703,0.013639566666666708,0.22247401598798927,3.0,3000.0,1.5844218822196126
qaoa_p1,param_lam1,3000,zne_rem,10,0.15392417039647865,0.11585391448404066,0.08870395744922213,0.2233824322422413,-0.04317792052503107,0.03767581551391796,0.1891363708634383,15.0,3000.0,2.6390942189958877
qaoa_p1,param_lam1,6000,none,10,0.2814557990801266,0.01910759011492539,0.26940454908012657,0.29195579908012653,-0.2814557990801266,0.0003650999999999944,0.2820389278731441,1.0,6000.0,0.508769251999911
qaoa_p1,param_lam1,6000,rem,10,0.17979675716812035,0.025787270279333554,0.16454754217077763,0.19433028571042577,-0.17979675716812035,0.0006649833084593996,0.18145346198346698,13.0,6000.0,1.553766167187132
qaoa_p1,param_lam1,6000,zne,10,0.16242797259743913,0.07779075894982689,0.11473236711934534,0.20742246574679807,-0.16077246574679763,0.006645913888889206,0.17840714179176093,3.0,6000.0,1.8479181843809784
qaoa_p1,param_lam1,6000,zne_rem,10,0.08374379962915794,0.09077790206804177,0.04140169285502844,0.14397031022552365,-0.061049174906120475,0.011891763303442163,0.12012322310784056,15.0,6000.0,3.2767383671947754
qaoa_p1,param_lam1,12000,none,10,0.2847141324134599,0.010619212294378916,0.27843913241345997,0.2907895490801266,-0.2847141324134599,0.00011276766975308832,0.2848923096517822,1.0,12000.0,0.44435345228994266
qaoa_p1,param_lam1,12000,rem,10,0.18495708103391947,0.01897020547337058,0.17438390100894585,0.19637164713469382,-0.18495708103391947,0.00035986869570189914,0.1858305778140927,13.0,12000.0,1.5169864015304484
qaoa_p1,param_lam1,12000,zne,10,0.17189746574679887,0.062380558091267406,0.13649746574679786,0.20959809074680025,-0.17189746574679887,0.0038913340277779876,0.18179917314215727,3.0,12000.0,1.890150829788763
qaoa_p1,param_lam1,12000,zne_rem,10,0.07742003741504604,0.05903833501430851,0.043418980097638636,0.11175985588760416,-0.06437353518200677,0.005540980736281798,0.09555540117901594,15.0,12000.0,2.8949225014890545
qaoa_p1,param_lam1,24000,none,10,0.28797663241345983,0.006804094230863404,0.2838555907467932,0.29169350741345984,-0.28797663241345983,4.629569830246866e-05,0.28804896622739196,1.0,24000.0,0.6456002860912122
qaoa_p1,param_lam1,24000,rem,10,0.18063168009025227,0.012354572620378059,0.17385365412804943,0.18850920252352785,-0.18063168009025227,0.0001526354646321952,0.18101153490978472,13.0,24000.0,1.621701071714051
qaoa_p1,param_lam1,24000,zne,10,0.1755724657467977,0.04766600378327086,0.14852184074679683,0.2043605907467992,-0.1755724657467977,0.0022720479166667925,0.1813023272145467,3.0,24000.0,2.1154490747023376
qaoa_p1,param_lam1,24000,zne_rem,10,0.06584311655298833,0.05211663141860502,0.03775057970018127,0.09850795872586975,-0.06066448977953787,0.003444071800643564,0.0823398138253352,15.0,24000.0,2.76309126020642
qaoa_p1,param_lam2,1500,none,10,0.5062891324134597,0.057011326576608394,0.47255579908012635,0.5384224657467931,-0.5062891324134597,0.0032502913580246943,0.5091698614629464,1.0,1500.0,0.4580610287142918
qaoa_p1,param_lam2,1500,rem,10,0.21696460264792208,0.059513524230983994,0.1833755831975805,0.25406261913081585,-0.21696460264792208,0.0035418595663919187,0.22419034861457227,13.0,1500.0,1.00069344319636
qaoa_p1,param_lam2,1500,zne,10,0.42562246574680007,0.15884527762014763,0.3430224657468015,0.5276224657467984,-0.42562246574680007,0.025231822222221777,0.45151204119977306,3.0,1500.0,1.554767222306691
qaoa_p1,param_lam2,1500,zne_rem,10,0.25148759885252003,0.18775170390945753,0.14597384120503695,0.36118061057050255,-0.24550880530646096,0.038552301091571595,0.308174697964353,15.0,1500.0,2.745371401915327
qaoa_p1,param_lam2,3000,none,10,0.5197891324134599,0.01737534083509738,0.5096882990801267,0.5299891324134599,-0.5197891324134599,0.00030190246913580247,0.520050434474734,1.0,3000.0,0.39153477660147473
qaoa_p1,param_lam2,3000,rem,10,0.29626904286366473,0.035882390251868415,0.27483629972231177,0.31773345761784544,-0.29626904286366473,0.0012875459301873813,0.2982182708965376,13.0,3000.0,1.101368772087153
qaoa_p1,param_lam2,3000,zne,10,0.3623224657467968,0.11419617623487444,0.28842246574679753,0.4225224657467951,-0.3623224657467968,0.013040766666666502,0.37817226125780107,3.0,3000.0,1.8023233278654516
qaoa_p1,param_lam2,3000,zne_rem,10,0.14923416965698744,0.09854015257275729,0.09090989757635981,0.2051282348294934,-0.1435678597012605,0.01155361395129528,0.17609651585243408,15.0,3000.0,3.6707185043138453
qaoa_p1,param_lam2,6000,none,10,0.5138724657467931,0.023867361101008278,0.4995557990801265,0.5277057990801264,-0.5138724657467931,0.0005696509259259231,0.5143710692545046,1.0,6000.0,0.41211612889310345
qaoa_p1,param_lam2,6000,rem,10,0.33871232561973824,0.025146880669312005,0.3237525257543246,0.3533347038941822,-0.33871232561973824,0.0006323656073966178,0.33955142257600474,13.0,6000.0,1.4573978802072816
qaoa_p1,param_lam2,6000,zne,10,0.31942246574679595,0.0806009374083905,0.2705212157467961,0.3658237157467963,-0.31942246574679595,0.006496511111111283,0.3284472128421296,3.0,6000.0,1.9430281344102696
qaoa_p1,param_lam2,6000,zne_rem,10,0.14953346088840966,0.10216777628022476,0.09202941158224756,0.21239453576538195,-0.11650808227576111,0.020200613054146083,0.17819844271010615,15.0,6000.0,3.283606836013496
qaoa_p1,param_lam2,12000,none,10,0.5146724657467932,0.008237242286944379,0.5098724657467932,0.519622465746793,-0.5146724657467932,6.785216049382466e-05,0.5147317883542151,1.0,12000.0,0.533864627406001
qaoa_p1,param_lam2,12000,rem,10,0.33841759168213964,0.020441300572158278,0.32648425658307795,0.350361629648773,-0.33841759168213964,0.0004178467690813183,0.33897275473423016,13.0,12000.0,1.3088523420039564
qaoa_p1,param_lam2,12000,zne,10,0.31089746574679766,0.07601526253910527,0.2677968407467969,0.35607309074679777,-0.31089746574679766,0.005778320138889102,0.31915156639562564,3.0,12000.0,1.9212149979895912
qaoa_p1,param_lam2,12000,zne_rem,10,0.12728839252278162,0.059698208103995336,0.09076264398858502,0.16051006929982725,-0.12287368689260188,0.004790978206886344,0.13931914196110623,15.0,12000.0,2.9632396395201797
qaoa_p1,param_lam2,24000,none,10,0.5178849657467931,0.008510896474302698,0.513318090746793,0.5231642365801265,-0.5178849657467931,7.243535879629811e-05,0.517947902369991,1.0,24000.0,0.665468245302327
qaoa_p1,param_lam2,24000,rem,10,0.33520636493060724,0.013797578400041921,0.3275117716211214,0.34371215417187295,-0.33520636493060724,0.0001903731697053034,0.33546183529982393,13.0,24000.0,1.408226047817152
qaoa_p1,param_lam2,24000,zne,10,0.31977246574679724,0.04290105703178456,0.29494684074679733,0.34530996574679684,-0.31977246574679724,0.0018405006944444313,0.32235210636008976,3.0,24000.0,2.0087800296838396
qaoa_p1,param_lam2,24000,zne_rem,10,0.10424190142937198,0.05760294980143004,0.0697874787114912,0.13586763686545333,-0.10424190142937198,0.0033180998258260696,0.11769734005853474,15.0,24000.0,3.522290920710657
tfim,dev_algiers,1500,none,10,0.17129744301105143,0.07451253933747354,0.12916410967771802,0.21583077634438474,0.17129744301105143,0.005552118518518541,0.18530979641883777,2.0,1500.0,2.658737953810487
tfim,dev_algiers,1500,rem,10,0.1407209078067151,0.08187090792508847,0.09382110837427082,0.19076185091679076,0.12402935214265494,0.011612949676721987,0.16073249485395444,10.0,1496.0,4.848318626591936
tfim,dev_algiers,1500,zne,10,0.1253384658066336,0.09514424819603276,0.07484615526887983,0.1865846210755103,0.09743077634438783,0.01596017777777777,0.15445684244820662,6.0,1500.0,10.273816333408467
tfim,dev_algiers,1500,zne_rem,10,0.12749675023256932,0.09781410355642212,0.07081355187028061,0.18369761163409096,0.039928767361286345,0.025857726473295848,0.1576903937751377,14.0,1496.0,9.302924772968982
tfim,dev_algiers,3000,none,10,0.18449744301105114,0.025762830915684192,0.16942744301105092,0.19969744301105125,0.18449744301105114,0.0006637234567901332,0.18610926250116402,2.0,3000.0,2.6734300072072075
tfim,dev_algiers,3000,rem,10,0.08862342993264063,0.04240617480741538,0.06438298378305679,0.1141921618522996,0.08862342993264063,0.0017982836617970713,0.09732711661527339,10.0,3000.0,4.0796051657292995
tfim,dev_algiers,3000,zne,10,0.122584621075511,0.08185804538666018,0.07383077634438905,0.169830776344389,0.11983077634438714,0.007442488888889057,0.1451125596194164,6.0,3000.0,9.232366471318528
tfim,dev_algiers,3000,zne_rem,10,0.1375677197355321,0.06978195202673973,0.09370799021101175,0.17619773488353496,0.01617055645486687,0.02560662151441095,0.15266776430874296,14.0,3000.0,8.691263820661698
tfim,dev_algiers,6000,none,10,0.18056410967771788,0.01840088564696248,0.16883077634438468,0.19049744301105118,0.18056410967771788,0.00033859259259258977,0.18140598401662572,2.0,6000.0,2.7790210381848737
tfim,dev_algiers,6000,rem,10,0.09505106228377827,0.03779861708389319,0.07321254972021737,0.1167999431392034,0.09505106228377827,0.0014287354534547822,0.10159018825351196,10.0,6000.0,4.019424872193485
tfim,dev_algiers,6000,zne,10,0.1220307763443893,0.07394562566883578,0.07883077634438988,0.16583577634438976,0.1220307763443893,0.005467955555555584,0.1407574878122453,6.0,6000.0,9.825891507195774
tfim,dev_algiers,6000,zne_rem,10,0.08737608372271391,0.05392522777326964,0.05524493084213998,0.11933270465813292,0.037984921883790344,0.009787625430622405,0.10125076383947837,14.0,6000.0,8.74930599218933
tfim,dev_algiers,12000,none,10,0.17153077634438452,0.013496638813395747,0.1636641096777179,0.17946494301105118,0.17153077634438452,0.00018215925925926056,0.17200799564741343,2.0,12000.0,4.176246042689309
tfim,dev_algiers,12000,rem,10,0.08292635220263778,0.024786937727094286,0.06822390801288575,0.0972246694781882,0.08292635220263778,0.0006143922818868501,0.08619589864566696,10.0,12000.0,4.299801600305363
tfim,dev_algiers,12000,zne,10,0.1123307763443889,0.04463294747156946,0.08603077634438945,0.13903077634438832,0.1123307763443889,0.0019920999999998787,0.12004621324362136,6.0,12000.0,11.289262025081552
tfim,dev_algiers,12000,zne_rem,10,0.05738417665110011,0.028646189525595566,0.040093651185031255,0.07330509686499198,0.039259287684375276,0.0027668842414920337,0.06349399567539729,14.0,12000.0,8.914866062498186
tfim,dev_algiers,24000,none,10,0.1664307763443847,0.011836280279893509,0.15929744301105142,0.1730311930110514,0.1664307763443847,0.00014009753086419594,0.1668091457096174,2.0,24000.0,3.9106521161971615
tfim,dev_algiers,24000,rem,10,0.07077794925058187,0.012524521061591286,0.06367652705900187,0.07816683624456129,0.07077794925058187,0.00015686362782224372,0.07176834514713268,10.0,24000.0,4.127412453095895
tfim,dev_algiers,24000,zne,10,0.11418077634438717,0.04358481514370703,0.08822952634438709,0.13893077634438697,0.11418077634438717,0.0018996361111111135,0.12143690619662115,6.0,24000.0,10.154782760504167
tfim,dev_algiers,24000,zne_rem,10,0.04280727317092916,0.01723160615435621,0.03326096505505687,0.05334252010540335,0.02069393215276376,0.0018571769266448042,0.04582246241663048,14.0,24000.0,9.823240957490635
tfim,dev_lagos,1500,none,10,2.391297443011051,0.10891845403617172,2.3230307763443845,2.4502307763443847,2.391297443011051,0.01186322962962965,2.3935288524724028,2.0,1500.0,1.2924050711095334
tfim,dev_lagos,1500,rem,10,1.8620640603741827,1.5333169015465693,1.0504073462801682,2.841983217521161,1.8620640603741827,2.351060720568372,2.3628874737170036,10.0,1496.0,2.3429746283218265
tfim,dev_lagos,1500,zne,10,1.8270307763443845,0.5567933588365135,1.5022307763443838,2.142230776344385,1.8270307763443845,0.3100188444444465,1.9018565712770152,6.0,1500.0,4.108593167585786
tfim,dev_lagos,1500,zne_rem,10,2.762362552478706,3.2010958244853205,1.0229422983279206,4.808498495146947,1.7689929377534213,15.248470985887565,4.105235669376399,14.0,1496.0,4.736652199819218
tfim,dev_lagos,3000,none,10,2.3736974430110513,0.06723961207576057,2.3354307763443845,2.414500776344385,2.3736974430110513,0.004521165432098766,2.3745544002709416,2.0,3000.0,0.9735780669027008
tfim,dev_lagos,3000,rem,10,1.480182963134729,1.212264177279515,0.8868300687789062,2.3004689690541844,1.480182963134729,1.4695844355151797,1.8744512787261152,10.0,3000.0,1.6877879454288631
tfim,dev_lagos,3000,zne,10,1.7646307763443836,0.48024142076899506,1.4902307763443836,2.0530307763443836,1.7646307763443836,0.23063182222222295,1.8224956561873566,6.0,3000.0,3.825949072802905
tfim,dev_lagos,3000,zne_rem,10,2.181495399965109,1.9567168221900166,1.178483852803729,3.436787167923166,0.29734312223137965,9.01819544194209,2.8644002566132736,14.0,3000.0,4.747582169959787
tfim,dev_lagos,6000,none,10,2.3864974430110513,0.0935052385143722,2.3340307763443846,2.4437007763443845,2.3864974430110513,0.008743229629629635,2.388145504814343,2.0,6000.0,1.1072577009908855
tfim,dev_lagos,6000,rem,10,1.4252333308254426,0.9789087698883118,1.0059074107371346,2.069863249712308,1.4252333308254426,0.9582623797642478,1.701095584934488,10.0,6000.0,1.7056914985761977
tfim,dev_lagos,6000,zne,10,1.7214307763443852,0.42577531894441883,1.4588257763443857,1.9548307763443844,1.7214307763443852,0.18128462222222158,1.76818553261405,6.0,6000.0,3.754875405598432
tfim,dev_lagos,6000,zne_rem,10,1.623369212226001,1.6401206229197711,0.7793018715910822,2.6792743453066934,-0.2515426926778864,5.547833294352988,2.2486270680478193,14.0,6000.0,4.79393694010796
tfim,dev_lagos,12000,none,10,2.369697443011051,0.0636291725935382,2.3345299430110513,2.4087307763443846,2.369697443011051,0.004048671604938273,2.3704661515949894,2.0,12000.0,1.1496295048040337
tfim,dev_lagos,12000,rem,10,0.9041933583108935,0.34449318827710745,0.7301610378502489,1.1315935649791362,0.9041933583108935,0.1186755567693266,0.9614435138404783,10.0,12000.0,1.9160509892040865
tfim,dev_lagos,12000,zne,10,1.7504307763443845,0.41999756613051586,1.5210232763443832,2.0089357763443854,1.7504307763443845,0.17639795555555704,1.7952064123029436,6.0,12000.0,3.165519031509757
tfim,dev_lagos,12000,zne_rem,10,0.9335240803374918,0.669812104528648,0.5277832214820559,1.3175910034218463,-0.5522247324826657,1.0781094258224386,1.1292699581613541,14.0,12000.0,5.149182958016172
tfim,dev_lagos,24000,none,10,2.387897443011051,0.06789425328869618,2.3492966096777175,2.4283974430110513,2.387897443011051,0.004609629629629632,2.388765971166992,2.0,24000.0,1.3012690544128418
tfim,dev_lagos,24000,rem,10,0.8057017411655307,0.2950260097484633,0.6307330863076278,0.9731008957788486,0.8057017411655307,0.08704034642810037,0.8529311856782223,10.0,24000.0,1.9912087921169586
tfim,dev_lagos,24000,zne,10,1.6716807763443846,0.39194114141454206,1.4510757763443836,1.9053820263443848,1.6716807763443846,0.15361785833333408,1.7125339968886355,6.0,24000.0,3.9736678888089956
tfim,dev_lagos,24000,zne_rem,10,0.8357210091975424,0.6766475253233715,0.4698316244166685,1.2557859871148798,-0.26857293910840235,1.1537387419627239,1.053800878433766,14.0,24000.0,5.813892990129534
tfim,ideal,1500,none,10,0.04568717806445673,0.03246615763874666,0.027287178064456793,0.06489231053775395,0.00889744301105111,0.0032853333333333636,0.055099587041419186,2.0,1500.0,0.44000262069748713
tfim,ideal,1500,rem,10,0.04366666666666674,0.031037955727830423,0.025974356128912836,0.06287179913996414,0.011230776344384453,0.0029418518518518717,0.05266684919343733,10.0,1496.0,0.8563118389225565
tfim,ideal,1500,zne,10,0.04480000000000013,0.03177750141645598,0.026846155268878034,0.06373846580663164,-0.0001692236556118054,0.003239822222222187,0.05399878365894539,6.0,1500.0,1.7412090979865753
tfim,ideal,1500,zne_rem,10,0.05830768946224678,0.03706711354462496,0.03646153419337103,0.08046153419336727,-0.03376922365561219,0.0038844444444446156,0.06809082512573122,14.0,1496.0,2.755274918687064
tfim,ideal,3000,none,10,0.029425643871087193,0.02051910665207285,0.018800000000000237,0.04244628358070919,0.023030776344384395,0.0007937580246913573,0.03528170745935176,2.0,3000.0,0.37032174272462726
tfim,ideal,3000,rem,10,0.03602564387108727,0.028400903205352972,0.019666666666666898,0.052692310537753875,0.02423077634438444,0.0015962962962963031,0.044986633447261344,10.0,3000.0,1.2383509999024682
tfim,ideal,3000,zne,10,0.04119999999999857,0.03368478226706559,0.023553844731120672,0.06213846580663321,0.016230776344390473,0.002727999999999902,0.05214056099373631,6.0,3000.0,2.088192210532725
tfim,ideal,3000,zne_rem,10,0.06634615526887541,0.041243116467939996,0.04446153419336456,0.09250096164516527,0.028730776344387633,0.005674722222221954,0.07702407097363123,14.0,3000.0,2.5270875971065836
tfim,ideal,6000,none,10,0.02047179913996384,0.011950274262758706,0.013784621075507441,0.02780513247329708,0.01576410967771764,0.00033235061728394567,0.02340133990793395,2.0,6000.0,0.43814805180300026
tfim,ideal,6000,rem,10,0.016858977204420443,0.014596067722470178,0.0086666666666666,0.025705453021685937,0.009730776344384484,0.00042364197530864184,0.021816640118089,10.0,6000.0,1.5075686283875256
tfim,ideal,6000,zne,10,0.036199999999999656,0.021344897920793512,0.02379923059138862,0.04924615526887797,0.012430776344387873,0.0017399555555555196,0.04147871985155955,6.0,6000.0,2.630185986415017
tfim,ideal,6000,zne_rem,10,0.043653844731120196,0.028273522387091344,0.026806727817074556,0.05969231053775222,0.005230776344387067,0.002886388888888634,0.05123583727397035,14.0,6000.0,2.626548819988966
tfim,ideal,12000,none,10,0.012292310537753792,0.006742047268262925,0.008284300527118971,0.016271799139964127,0.004230776344384601,0.00019345679012345665,0.01385678821326628,2.0,12000.0,0.5408917423919775
tfim,ideal,12000,rem,10,0.012721155268876938,0.00781617272072182,0.008115298902991515,0.01715408525801094,0.006439109677717792,0.00019483217592592992,0.014724506503615523,10.0,12000.0,1.2726522692129947
tfim,ideal,12000,zne,10,0.02254615526887731,0.015446947744465065,0.013407689462243659,0.03139231053775485,0.01133077634438875,0.0006607666666666393,0.026890081676457123,6.0,12000.0,2.033846562821418
tfim,ideal,12000,zne_rem,10,0.02694231053775553,0.00970268265094045,0.02194231053775546,0.03331731053775426,0.013230776344388673,0.0007061805555555472,0.028471317894948726,14.0,12000.0,2.5665039315121247
tfim,ideal,24000,none,10,0.011212821935543626,0.005971107865633834,0.0077089772044205375,0.014696251387155116,0.0011974430110513802,0.0001737580246913593,0.012562487492011252,2.0,24000.0,0.6183336599031464
tfim,ideal,24000,rem,10,0.011554488602210177,0.004668601724167609,0.008775523607643252,0.014121799139963809,0.002314109677717724,0.00016418595679012083,0.012374266229220042,10.0,24000.0,1.2558359038084745
tfim,ideal,24000,zne,10,0.012988465806633532,0.012946359980621899,0.005653748612845875,0.020888465806633786,0.012080776344388599,0.00019289166666668073,0.01787589597987054,6.0,24000.0,2.290873906901106
tfim,ideal,24000,zne_rem,10,0.01922596580663285,0.01102858936283809,0.01297596580663088,0.025850965806633753,0.016168276344387954,0.00024187934027779476,0.021888457373659534,14.0,24000.0,2.785172247316223
tfim,param_lam0.5,1500,none,10,0.20676410967771774,0.07442075908451927,0.16516410967771772,0.2523641096777178,0.20676410967771774,0.005538449382716058,0.21848570089427763,2.0,1500.0,0.5799920335062779
tfim,param_lam0.5,1500,rem,10,0.15156052349956645,0.07970579435694092,0.10671293305742766,0.1997248590215407,0.1343393907721607,0.011823591843434665,0.16937622197972918,10.0,1496.0,1.7096100147347897
tfim,param_lam0.5,1500,zne,10,0.13743077634438733,0.1204554320531509,0.07503077634438737,0.2142307763443882,0.13743077634438733,0.014509511111111253,0.17873381964983892,6.0,1500.0,2.311876430211123
tfim,param_lam0.5,1500,zne_rem,10,0.11472064506613053,0.12427622368925771,0.05697890347887982,0.1962878093268292,0.049967019936447074,0.02729360568897331,0.16450212217903232,14.0,1496.0,3.206965120695531
tfim,param_lam0.5,3000,none,10,0.213964109677718,0.025522103709878185,0.19836410967771806,0.22849744301105135,0.213964109677718,0.0006513777777777778,0.21532970122623246,2.0,3000.0,0.6303391337045469
tfim,param_lam0.5,3000,rem,10,0.10258503426843273,0.05545474613896488,0.07096976729353904,0.1369769121553754,0.10258503426843273,0.0030752288693370405,0.11528831353723089,10.0,3000.0,1.622958830418065
tfim,param_lam0.5,3000,zne,10,0.17263077634438737,0.08514980263564309,0.12703077634438725,0.22703077634438673,0.17263077634438737,0.007250488888888971,0.19059597304577544,6.0,3000.0,2.3468601600034162
tfim,param_lam0.5,3000,zne_rem,10,0.1297815672390798,0.08321883202911529,0.08058817128445318,0.1785224392812239,0.05786765524432722,0.02191936252824064,0.1519081689669548,14.0,3000.0,2.9567365890252404
tfim,param_lam0.5,6000,none,10,0.2151641096777178,0.019309563932395517,0.2031641096777177,0.22563244301105137,0.2151641096777178,0.0003728592592592698,0.21594250954070696,2.0,6000.0,0.8829430575016886
tfim,param_lam0.5,6000,rem,10,0.10715916919172441,0.03965150542149523,0.08406830436551953,0.13033107115981676,0.10715916919172441,0.0015722418821908655,0.11356982537554769,10.0,6000.0,1.4506979575147851
tfim,param_lam0.5,6000,zne,10,0.17063077634438875,0.06087363961518977,0.13562577634438672,0.20683077634438737,0.17063077634438875,0.003705600000000001,0.1801385628783821,6.0,6000.0,2.8364115083008072
tfim,param_lam0.5,6000,zne_rem,10,0.09174830794391511,0.07243368422187275,0.052300087106393334,0.13655777576616113,0.07417249356697261,0.008486853286208292,0.11462864720273924,14.0,6000.0,3.157761201518588
tfim,param_lam0.5,12000,none,10,0.20476410967771796,0.013928565549675491,0.19659744301105125,0.21259827634438486,0.20476410967771796,0.0001940049382716069,0.20519002182502188,2.0,12000.0,0.8261208635987713
tfim,param_lam0.5,12000,rem,10,0.08878160738011873,0.03294108478804524,0.06931198784997537,0.10814838802236823,0.08878160738011873,0.0010851150670131856,0.09412107824132393,10.0,12000.0,1.4405204722192138
tfim,param_lam0.5,12000,zne,10,0.16283077634438925,0.04760998961469342,0.13292827634438817,0.1880332763443922,0.16283077634438925,0.0022667111111112155,0.16897899788114676,6.0,12000.0,3.1586416221689433
tfim,param_lam0.5,12000,zne_rem,10,0.06733253482472863,0.037769590325732016,0.04482359779924885,0.08853256940372112,0.06733253482472863,0.0014265419533736293,0.07627291789330969,14.0,12000.0,3.1446832283982076
tfim,param_lam0.5,24000,none,10,0.198197443011051,0.012401164819842055,0.19093077634438452,0.20553077634438424,0.198197443011051,0.00015378888888888822,0.19854630798914094,2.0,24000.0,0.8551038358593359
tfim,param_lam0.5,24000,rem,10,0.07710672610190468,0.012501003700719892,0.06962012291499686,0.08425357635341661,0.07710672610190468,0.00015627509352541242,0.07801342701309191,10.0,24000.0,1.7045235370984302
tfim,param_lam0.5,24000,zne,10,0.16238077634438824,0.032601167327430285,0.14333077634438884,0.1815807763443879,0.16238077634438824,0.0010628361111111079,0.1652999365583854,6.0,24000.0,3.6786690486944282
tfim,param_lam0.5,24000,zne_rem,10,0.045518312064192476,0.026512161692274536,0.029940833355466042,0.06099459171238091,0.042760979873428084,0.0009733561991945196,0.05200501878675547,14.0,24000.0,3.085296888987068
tfim,param_lam1,1500,none,10,0.38996410967771783,0.07473488946739477,0.34463077634438444,0.43316410967771785,0.38996410967771783,0.005585303703703714,0.39635688485261417,2.0,1500.0,0.7692602540948428
tfim,param_lam1,1500,rem,10,0.22591391216158635,0.1380560043925325,0.14403739494604034,0.30643002707059874,0.22331536788390327,0.020356507209975276,0.2611333184833004,10.0,1496.0,1.2617809625924565
tfim,param_lam1,1500,zne,10,0.2734307763443888,0.13350389091291945,0.19183077634438872,0.34703077634438884,0.2734307763443888,0.017823288888888695,0.3013392597261349,6.0,1500.0,2.958097222098149
tfim,param_lam1,1500,zne_rem,10,0.1404648028706263,0.09504573946890273,0.08472595901131795,0.19555183135232196,0.028728574701534004,0.030039281303526413,0.166915200558713,14.0,1496.0,3.196655370912049
tfim,param_lam1,3000,none,10,0.38943077634438455,0.02861200645848261,0.37356410967771775,0.4074307763443844,0.38943077634438455,0.0008186469135802505,0.3903756034723639,2.0,3000.0,0.7979768197168596
tfim,param_lam1,3000,rem,10,0.1883447526588932,0.08439569924143446,0.13573012619844138,0.2330629059224517,0.1883447526588932,0.00712263405045066,0.20465609323825482,10.0,3000.0,1.3900817303103394
tfim,param_lam1,3000,zne,10,0.29703077634438796,0.07921952621250297,0.24623077634438725,0.33903077634438866,0.29703077634438796,0.0062757333333334445,0.3063909954547456,6.0,3000.0,3.1051311803981663
tfim,param_lam1,3000,zne_rem,10,0.15738523107918131,0.10603383379602348,0.09751122157544331,0.2223681964191212,0.09910717706136837,0.027851927705898148,0.18678588672697344,14.0,3000.0,3.962568093393929
tfim,param_lam1,6000,none,10,0.4044307763443845,0.020978648757813446,0.3922307763443846,0.4162974430110511,0.4044307763443845,0.00044010370370370773,0.40492017261165797,2.0,6000.0,0.938302452431526
tfim,param_lam1,6000,rem,10,0.17130478195644755,0.07082460947673032,0.13165248615013223,0.21451703756153565,0.17130478195644755,0.005016125307531359,0.1840104374700638,10.0,6000.0,1.2605093543766999
tfim,param_lam1,6000,zne,10,0.2730307763443857,0.08196584654598503,0.22443077634438674,0.3200307763443876,0.2730307763443857,0.0067183999999999655,0.28388794414560464,6.0,6000.0,2.7682122379774228
tfim,param_lam1,6000,zne_rem,10,0.07767795714032788,0.05395300934584184,0.04756636122765702,0.11206532854274465,0.03976925508771627,0.007857895412208908,0.09302526281188278,14.0,6000.0,3.664510857826099
tfim,param_lam1,12000,none,10,0.39893077634438445,0.016711384454029088,0.3891974430110512,0.40843160967771774,0.39893077634438445,0.00027927037037036505,0.3992456732991187,2.0,12000.0,0.9878811914124526
tfim,param_lam1,12000,rem,10,0.16263657827061237,0.03995637085634022,0.14151502901479146,0.18828067663485568,0.16263657827061237,0.001596511572009394,0.16699555984031875,10.0,12000.0,1.5888661765144207
tfim,param_lam1,12000,zne,10,0.2889307763443897,0.04705327949368878,0.2632282763443896,0.31833077634439083,0.2889307763443897,0.0022140111111111933,0.2923586898297566,6.0,12000.0,2.4959036601823756
tfim,param_lam1,12000,zne_rem,10,0.068300450664597,0.06970928301467824,0.03145986199568755,0.11231420351647146,0.05164945397088676,0.007078590211194173,0.09507048588055866,14.0,12000.0,3.5156213633716105
tfim,param_lam1,24000,none,10,0.39118077634438475,0.01275796773552698,0.3838807763443846,0.39859785967771827,0.39118077634438475,0.0001627657407407474,0.391367971285416,2.0,24000.0,1.1556889266008512
tfim,param_lam1,24000,rem,10,0.14471809786544387,0.02698985951773824,0.12857896542333128,0.16052200655819943,0.14471809786544387,0.0007284525167872454,0.1469657617096605,10.0,24000.0,1.543644267716445
tfim,param_lam1,24000,zne,10,0.29218077634438877,0.039810279242092975,0.2699295263443872,0.31623077634438956,0.29218077634438877,0.001584858333333419,0.2946115723545323,6.0,24000.0,2.7019044423243033
tfim,param_lam1,24000,zne_rem,10,0.043077490642766406,0.055885668951989695,0.015513392256202687,0.07998019922381772,0.04251154687900387,0.003177028640913477,0.06831220531404233,14.0,24000.0,3.296529252489563
tfim,param_lam2,1500,none,10,0.7518307763443844,0.06120050028037258,0.7144974430110512,0.7854307763443844,0.7518307763443844,0.0037455012345678843,0.7540692722619792,2.0,1500.0,0.6007621865021064
tfim,param_lam2,1500,rem,10,0.4316629783908505,0.17047495804607565,0.32999966596220665,0.5247457460684459,0.4316629783908505,0.02906171132081125,0.46096471351068724,10.0,1496.0,1.2155844629742205
tfim,param_lam2,1500,zne,10,0.5630307763443885,0.21572657591394753,0.43503077634438797,0.6894307763443894,0.5630307763443885,0.04653795555555616,0.5990724623206823,6.0,1500.0,2.6270223875995726
tfim,param_lam2,1500,zne_rem,10,0.23673323548605785,0.16507762727765896,0.14698371595426493,0.34047569184113524,0.14470340234601933,0.06625456762004764,0.2838453549180554,14.0,1496.0,3.2617534350953066
tfim,param_lam2,3000,none,10,0.7419641096777179,0.048184009437074495,0.7159641096777177,0.7714307763443844,0.7419641096777179,0.0023216987654320837,0.7433708824932124,2.0,3000.0,0.7079760464141145
tfim,param_lam2,3000,rem,10,0.33169265007351234,0.12690657126063346,0.25217695268233065,0.4037240843758829,0.33169265007351234,0.016105277829130238,0.35286649622627353,10.0,3000.0,1.4175119610968978
tfim,param_lam2,3000,zne,10,0.6114307763443853,0.08645204193976971,0.5622307763443841,0.6630307763443861,0.6114307763443853,0.007473955555555701,0.6169069251200685,6.0,3000.0,2.5615901237237266
tfim,param_lam2,3000,zne_rem,10,0.26455205530152437,0.14014412211432759,0.1759431783289971,0.34207481419952807,0.12472966477070954,0.08011848684147026,0.2960812851754342,14.0,3000.0,3.3357308480888603
tfim,param_lam2,6000,none,10,0.7640307763443845,0.03272790933412515,0.7444307763443845,0.7829657763443846,0.7640307763443845,0.0010711160493827162,0.7646613836502059,2.0,6000.0,0.6090347033808939
tfim,param_lam2,6000,rem,10,0.28937722492346163,0.08753035961527843,0.23575877734361012,0.33856241613021576,0.28937722492346163,0.007661563854379964,0.30105578515176495,10.0,6000.0,1.4763858248945325
tfim,param_lam2,6000,zne,10,0.5534307763443873,0.104758770515885,0.4900207763443882,0.6132307763443873,0.5534307763443873,0.010974399999999858,0.5622833664667231,6.0,6000.0,2.5715748809860086
tfim,param_lam2,6000,zne_rem,10,0.09309684961105429,0.05790562747995669,0.05930477792514957,0.12792273651445393,0.013272898054819394,0.012787343454658217,0.10809615595369718,14.0,6000.0,3.526302695379127
tfim,param_lam2,12000,none,10,0.7652974430110512,0.023637592992289666,0.751597443011051,0.7790649430110512,0.7652974430110512,0.0005587358024691415,0.7656259128983783,2.0,12000.0,0.7429491615039296
tfim,param_lam2,12000,rem,10,0.29471364456705224,0.04949907297320408,0.2657489310552089,0.3233467110503911,0.29471364456705224,0.0024501582252065826,0.2984313567584357,10.0,12000.0,1.4696291131083854
tfim,param_lam2,12000,zne,10,0.5532307763443859,0.0848999411071648,0.5039307763443878,0.602535776344386,0.5532307763443859,0.007208000000000052,0.5590630482285625,6.0,12000.0,3.001949803705793
tfim,param_lam2,12000,zne_rem,10,0.1158625167947008,0.0635001576784743,0.07835558922907791,0.1525066150025295,0.07582696111380756,0.01255937532102159,0.13058777056322815,14.0,12000.0,3.6077580041950568
tfim,param_lam2,24000,none,10,0.7556641096777179,0.02088832741562176,0.742930359677718,0.7673145263443846,0.7556641096777179,0.0004363222222222156,0.7559238960735519,2.0,24000.0,0.8495612890226767
tfim,param_lam2,24000,rem,10,0.2918812680491797,0.04639157099326987,0.26467070600295267,0.3180939305348896,0.2918812680491797,0.002152177859223598,0.295180681466959,10.0,24000.0,1.4162814685027114
tfim,param_lam2,24000,zne,10,0.5636307763443875,0.07270900907040317,0.5204807763443879,0.6064807763443875,0.5636307763443875,0.00528659999999997,0.5678358847788479,6.0,24000.0,3.2398587847012097
tfim,param_lam2,24000,zne_rem,10,0.10163639608531953,0.06418593789026969,0.06582282971349593,0.14058486190828573,0.08338267186783979,0.00787237577995591,0.1184812566179991,14.0,24000.0,3.939101412508171
