instance,noise,seed,cmax,delta_heldout__mitigated_only,win_legacy__mitigated_only,win_v2__mitigated_only,changed__mitigated_only,gap__mitigated_only,tie_practical__mitigated_only,tie_statistical__mitigated_only,mc_scale__mitigated_only,delta_heldout__incl_unmitigated,win_legacy__incl_unmitigated,win_v2__incl_unmitigated,changed__incl_unmitigated,gap__incl_unmitigated,tie_practical__incl_unmitigated,tie_statistical__incl_unmitigated,mc_scale__incl_unmitigated
cycle6,dev_algiers,0,6,0.0027241417430350356,rem,zne_rem,True,0.0022788220261459203,True,True,0.00617596838769003,0.0027241417430350356,rem,zne_rem,True,0.0022788220261459203,True,True,0.005194281434161152
cycle6,dev_algiers,1,6,0.004228539947075074,rem,zne_rem,True,0.001498140356656346,True,True,0.00617596838769003,0.004228539947075074,rem,zne_rem,True,0.001498140356656346,True,True,0.005194281434161152
cycle6,dev_algiers,2,6,0.003315652962684299,rem,zne_rem,True,0.00016797917862248409,True,True,0.00617596838769003,0.003315652962684299,rem,zne_rem,True,0.00016797917862248409,True,True,0.005194281434161152
cycle6,dev_algiers,3,6,0.003428992938406471,rem,zne_rem,True,0.0011345360492649198,True,True,0.00617596838769003,0.003428992938406471,rem,zne_rem,True,0.0011345360492649198,True,True,0.005194281434161152
cycle6,dev_algiers,4,6,0.003247506218615421,rem,zne,True,0.0008409392447582667,True,True,0.00617596838769003,0.003247506218615421,rem,zne,True,0.0008409392447582667,True,True,0.005194281434161152
cycle6,dev_algiers,5,6,0.002810997385232408,rem,zne_rem,True,0.0006886963961395173,True,True,0.00617596838769003,0.002810997385232408,rem,zne_rem,True,0.0006886963961395173,True,True,0.005194281434161152
cycle6,dev_algiers,6,6,0.0028773539091966585,rem,zne,True,0.003878159194590398,True,True,0.00617596838769003,0.0028773539091966585,rem,zne,True,0.003878159194590398,True,True,0.005194281434161152
cycle6,dev_algiers,7,6,-0.00041557639746366465,rem,zne,True,0.0012411278569681222,True,True,0.00617596838769003,-0.00041557639746366465,rem,zne,True,0.0012411278569681222,True,True,0.005194281434161152
cycle6,dev_algiers,8,6,0.002926312966454218,rem,zne,True,0.0026517480477649736,True,True,0.00617596838769003,0.002926312966454218,rem,zne,True,0.0026517480477649736,True,True,0.005194281434161152
cycle6,dev_algiers,9,6,0.0017399116101339818,rem,zne,True,0.0008148260273314181,True,True,0.00617596838769003,0.002406249999999894,none,zne,True,0.0008148260273314181,True,True,0.005194281434161152
cycle6,dev_algiers,10,6,0.0035393940053204277,rem,zne_rem,True,0.001260717726116356,True,True,0.00617596838769003,0.0035393940053204277,rem,zne_rem,True,0.001260717726116356,True,True,0.005194281434161152
cycle6,dev_algiers,11,6,0.0005446235870622852,rem,zne,True,0.0020464637169218167,True,True,0.00617596838769003,0.0005446235870622852,rem,zne,True,0.0020464637169218167,True,True,0.005194281434161152
cycle6,dev_algiers,12,6,0.0028860774269461567,rem,zne,True,7.668035031037487e-06,True,True,0.00617596838769003,0.0028860774269461567,rem,zne,True,7.668035031037487e-06,True,True,0.005194281434161152
cycle6,dev_algiers,13,6,0.0037810990596088214,rem,zne,True,0.002390513914666862,True,True,0.00617596838769003,0.0037810990596088214,rem,zne,True,0.002390513914666862,True,True,0.005194281434161152
cycle6,dev_algiers,14,6,0.005355438568967881,rem,zne_rem,True,0.0004719936452165879,True,True,0.00617596838769003,0.005355438568967881,rem,zne_rem,True,0.0004719936452165879,True,True,0.005194281434161152
cycle6,dev_algiers,15,6,0.002224127065398799,rem,zne_rem,True,0.0014394821699486766,True,True,0.00617596838769003,0.002224127065398799,rem,zne_rem,True,0.0014394821699486766,True,True,0.005194281434161152
cycle6,dev_algiers,16,6,0.002387969167768647,rem,zne,True,0.0019430391384772773,True,True,0.00617596838769003,0.002387969167768647,rem,zne,True,0.0019430391384772773,True,True,0.005194281434161152
cycle6,dev_algiers,17,6,0.0008177609933832404,rem,zne,True,0.0008983381350435612,True,True,0.00617596838769003,0.0008177609933832404,rem,zne,True,0.0008983381350435612,True,True,0.005194281434161152
cycle6,dev_algiers,18,6,0.0031483069767460994,rem,zne_rem,True,0.0017369196393196438,True,True,0.00617596838769003,0.0031483069767460994,rem,zne_rem,True,0.0017369196393196438,True,True,0.005194281434161152
cycle6,dev_algiers,19,6,0.0035987962338115656,rem,zne_rem,True,0.0012906044180441218,True,True,0.00617596838769003,0.0035987962338115656,rem,zne_rem,True,0.0012906044180441218,True,True,0.005194281434161152
cycle6,dev_algiers,20,6,0.003209862306480065,rem,zne,True,0.0014263733978369722,True,True,0.00617596838769003,0.003209862306480065,rem,zne,True,0.0014263733978369722,True,True,0.005194281434161152
cycle6,dev_algiers,21,6,0.0036096626530711293,rem,zne,True,0.0022055409405740013,True,True,0.00617596838769003,0.0036096626530711293,rem,zne,True,0.0022055409405740013,True,True,0.005194281434161152
cycle6,dev_algiers,22,6,0.002472660145985585,rem,zne,True,0.000133783956703616,True,True,0.00617596838769003,0.002472660145985585,rem,zne,True,0.000133783956703616,True,True,0.005194281434161152
cycle6,dev_algiers,23,6,0.0036679013328996626,rem,zne_rem,True,0.002531005781968348,True,True,0.00617596838769003,0.0036679013328996626,rem,zne_rem,True,0.002531005781968348,True,True,0.005194281434161152
cycle6,dev_algiers,24,6,0.0006796217863257089,rem,zne,True,0.002433605869198644,True,True,0.00617596838769003,0.0006796217863257089,rem,zne,True,0.002433605869198644,True,True,0.005194281434161152
cycle6,dev_algiers,25,6,0.003353131156962045,rem,zne_rem,True,0.004135303293115856,True,True,0.00617596838769003,0.003353131156962045,rem,zne_rem,True,0.004135303293115856,True,True,0.005194281434161152
cycle6,dev_algiers,26,6,0.0031763980388731642,rem,zne,True,0.0022497003603022658,True,True,0.00617596838769003,0.004328703703703641,none,zne,True,0.0022497003603022658,True,True,0.005194281434161152
cycle6,dev_algiers,27,6,-9.489492648577051e-05,rem,zne_rem,True,0.0009103905829516515,True,True,0.00617596838769003,-9.489492648577051e-05,rem,zne_rem,True,0.0009103905829516515,True,True,0.005194281434161152
cycle6,dev_algiers,28,6,0.0026949661823449933,rem,zne_rem,True,0.00215866905010404,True,True,0.00617596838769003,0.0026949661823449933,rem,zne_rem,True,0.00215866905010404,True,True,0.005194281434161152
cycle6,dev_algiers,29,6,0.0009547261033271663,rem,zne,True,0.00036247354208569,True,True,0.00617596838769003,0.0009547261033271663,rem,zne,True,0.00036247354208569,True,True,0.005194281434161152
cycle6,dev_lagos,0,6,0.0,rem,rem,False,0.007169430107497832,True,True,0.034547809079315955,0.0,rem,rem,False,0.007169430107497832,True,True,0.027152563725386283
cycle6,dev_lagos,1,6,0.0,zne_rem,zne_rem,False,0.005977571228128896,True,True,0.034547809079315955,0.0,zne_rem,zne_rem,False,0.005977571228128896,True,True,0.027152563725386283
cycle6,dev_lagos,2,6,-0.008432785028362371,zne_rem,rem,True,0.004223532829658742,True,True,0.034547809079315955,-0.008432785028362371,zne_rem,rem,True,0.004223532829658742,True,True,0.027152563725386283
cycle6,dev_lagos,3,6,-0.004951813510577915,zne_rem,zne,True,0.0004473369361847566,True,True,0.034547809079315955,-0.004951813510577915,zne_rem,zne,True,0.0004473369361847566,True,True,0.027152563725386283
cycle6,dev_lagos,4,6,-0.0351961490155081,rem,zne_rem,True,0.01350481275649013,False,True,0.034547809079315955,-0.0351961490155081,rem,zne_rem,True,0.01350481275649013,False,True,0.027152563725386283
cycle6,dev_lagos,5,6,-0.014324173656526542,zne_rem,rem,True,0.005119361378614388,True,True,0.034547809079315955,-0.014324173656526542,zne_rem,rem,True,0.005119361378614388,True,True,0.027152563725386283
cycle6,dev_lagos,6,6,0.0,zne_rem,zne_rem,False,0.0033210361810420835,True,True,0.034547809079315955,0.0,zne_rem,zne_rem,False,0.0033210361810420835,True,True,0.027152563725386283
cycle6,dev_lagos,7,6,0.0038476591318852005,rem,zne_rem,True,0.0028789226960770353,True,True,0.034547809079315955,0.0038476591318852005,rem,zne_rem,True,0.0028789226960770353,True,True,0.027152563725386283
cycle6,dev_lagos,8,6,0.00798107594354538,zne_rem,zne,True,0.0013267292890324957,True,True,0.034547809079315955,0.00798107594354538,zne_rem,zne,True,0.0013267292890324957,True,True,0.027152563725386283
cycle6,dev_lagos,9,6,0.02595077200482349,zne_rem,zne,True,0.0032081082289356307,True,True,0.034547809079315955,0.02595077200482349,zne_rem,zne,True,0.0032081082289356307,True,True,0.027152563725386283
cycle6,dev_lagos,10,6,-0.013832508694661435,zne_rem,rem,True,0.007198402139590605,True,True,0.034547809079315955,-0.013832508694661435,zne_rem,rem,True,0.007198402139590605,True,True,0.027152563725386283
cycle6,dev_lagos,11,6,0.0,zne_rem,zne_rem,False,0.0036331146616086496,True,True,0.034547809079315955,0.0,zne_rem,zne_rem,False,0.0036331146616086496,True,True,0.027152563725386283
cycle6,dev_lagos,12,6,0.0,zne_rem,zne_rem,False,0.0010548787652059587,True,True,0.034547809079315955,0.0,zne_rem,zne_rem,False,0.0010548787652059587,True,True,0.027152563725386283
cycle6,dev_lagos,13,6,0.0019151009204187719,zne,zne_rem,True,0.006064900992914311,True,True,0.034547809079315955,0.0019151009204187719,zne,zne_rem,True,0.006064900992914311,True,True,0.027152563725386283
cycle6,dev_lagos,14,6,-0.003258276897166757,zne_rem,rem,True,0.0061223698817109845,True,True,0.034547809079315955,-0.003258276897166757,zne_rem,rem,True,0.0061223698817109845,True,True,0.027152563725386283
cycle6,dev_lagos,15,6,-0.0046242796072848424,zne_rem,rem,True,0.0010295349660181992,True,True,0.034547809079315955,-0.0046242796072848424,zne_rem,rem,True,0.0010295349660181992,True,True,0.027152563725386283
cycle6,dev_lagos,16,6,0.0,zne_rem,zne_rem,False,0.004000760700670851,True,True,0.034547809079315955,0.0,zne_rem,zne_rem,False,0.004000760700670851,True,True,0.027152563725386283
cycle6,dev_lagos,17,6,-0.00526263920353984,zne_rem,zne,True,0.0002532129955440156,True,True,0.034547809079315955,-0.00526263920353984,zne_rem,zne,True,0.0002532129955440156,True,True,0.027152563725386283
cycle6,dev_lagos,18,6,-0.0064681700726245545,rem,zne_rem,True,0.005311724969685648,True,True,0.034547809079315955,-0.0064681700726245545,rem,zne_rem,True,0.005311724969685648,True,True,0.027152563725386283
cycle6,dev_lagos,19,6,0.007418990116087658,rem,zne,True,0.006319598726644139,True,True,0.034547809079315955,0.007418990116087658,rem,zne,True,0.004204861111110995,True,True,0.027152563725386283
cycle6,dev_lagos,20,6,-0.006051999167830391,zne_rem,rem,True,0.00712335493536526,True,True,0.034547809079315955,-0.006051999167830391,zne_rem,rem,True,0.00712335493536526,True,True,0.027152563725386283
cycle6,dev_lagos,21,6,0.0,zne_rem,zne_rem,False,0.006704462643552449,True,True,0.034547809079315955,0.0,zne_rem,zne_rem,False,0.006704462643552449,True,True,0.027152563725386283
cycle6,dev_lagos,22,6,-0.006950877050051485,zne_rem,zne,True,0.010171802862172155,False,True,0.034547809079315955,-0.006950877050051485,zne_rem,zne,True,0.004960648148148117,True,True,0.027152563725386283
cycle6,dev_lagos,23,6,-0.020722180368153764,zne_rem,rem,True,0.001091146420261373,True,True,0.034547809079315955,-0.01702936217070208,zne_rem,none,True,0.0001715850612201327,True,True,0.027152563725386283
cycle6,dev_lagos,24,6,0.0,zne_rem,zne_rem,False,0.0062325027266363865,True,True,0.034547809079315955,0.0,zne_rem,zne_rem,False,0.0062325027266363865,True,True,0.027152563725386283
cycle6,dev_lagos,25,6,0.0,rem,rem,False,0.0036465694503122134,True,True,0.034547809079315955,0.0,rem,rem,False,0.0036465694503122134,True,True,0.027152563725386283
cycle6,dev_lagos,26,6,0.03411132466570267,zne_rem,rem,True,0.006737440318690872,True,True,0.034547809079315955,0.03411132466570267,zne_rem,rem,True,0.006737440318690872,True,True,0.027152563725386283
cycle6,dev_lagos,27,6,0.0,zne_rem,zne_rem,False,0.008727025535347113,True,True,0.034547809079315955,0.0,zne_rem,zne_rem,False,0.008727025535347113,True,True,0.027152563725386283
cycle6,dev_lagos,28,6,0.0,zne_rem,zne_rem,False,0.011451966078913167,False,True,0.034547809079315955,0.0,zne_rem,zne_rem,False,0.011451966078913167,False,True,0.027152563725386283
cycle6,dev_lagos,29,6,0.0,zne_rem,zne_rem,False,0.003290059584809555,True,True,0.034547809079315955,0.0,zne_rem,zne_rem,False,0.003290059584809555,True,True,0.027152563725386283
k33,dev_algiers,0,9,0.002078380260764892,rem,zne_rem,True,0.0017575145949189322,True,True,0.0061215740725695895,0.002078380260764892,rem,zne_rem,True,0.0017575145949189322,True,True,0.005295855026550998
k33,dev_algiers,1,9,0.0022535856610030086,rem,zne,True,0.002101772321349035,True,True,0.0061215740725695895,0.0022535856610030086,rem,zne,True,0.002101772321349035,True,True,0.005295855026550998
k33,dev_algiers,2,9,0.0016240522473186128,rem,zne,True,0.0008522742420618589,True,True,0.0061215740725695895,0.0016240522473186128,rem,zne,True,0.0008522742420618589,True,True,0.005295855026550998
k33,dev_algiers,3,9,0.0025541185317113596,rem,zne,True,0.002067395743677663,True,True,0.0061215740725695895,0.0025541185317113596,rem,zne,True,0.002067395743677663,True,True,0.005295855026550998
k33,dev_algiers,4,9,0.0014876974814149282,rem,zne,True,0.0008845502914802764,True,True,0.0061215740725695895,0.0014876974814149282,rem,zne,True,0.0008845502914802764,True,True,0.005295855026550998
k33,dev_algiers,5,9,0.0017813162790831015,rem,zne_rem,True,0.0001809802660582028,True,True,0.0061215740725695895,0.0017813162790831015,rem,zne_rem,True,0.0001809802660582028,True,True,0.005295855026550998
k33,dev_algiers,6,9,0.0009149605936551121,rem,zne_rem,True,0.0015139645986488451,True,True,0.0061215740725695895,0.0009149605936551121,rem,zne_rem,True,0.0015139645986488451,True,True,0.005295855026550998
k33,dev_algiers,7,9,0.0013609798851685567,rem,zne,True,0.0007105080684740487,True,True,0.0061215740725695895,0.0013609798851685567,rem,zne,True,0.0007105080684740487,True,True,0.005295855026550998
k33,dev_algiers,8,9,0.002325032757234509,rem,zne,True,0.0012924334586067712,True,True,0.0061215740725695895,0.002325032757234509,rem,zne,True,0.0012924334586067712,True,True,0.005295855026550998
k33,dev_algiers,9,9,0.0028548228341816876,rem,zne_rem,True,0.0013730022152110845,True,True,0.0061215740725695895,0.0028548228341816876,rem,zne_rem,True,0.0013730022152110845,True,True,0.005295855026550998
k33,dev_algiers,10,9,0.00198780258225364,rem,zne_rem,True,0.0010206905565187925,True,True,0.0061215740725695895,0.00198780258225364,rem,zne_rem,True,0.0010206905565187925,True,True,0.005295855026550998
k33,dev_algiers,11,9,0.0026967623558610525,rem,zne,True,0.0002227553947130465,True,True,0.0061215740725695895,0.0026967623558610525,rem,zne,True,0.0002227553947130465,True,True,0.005295855026550998
k33,dev_algiers,12,9,0.0008773677490495778,rem,zne_rem,True,0.0015306893393508207,True,True,0.0061215740725695895,0.0011878682659933286,none,zne_rem,True,0.0015306893393508207,True,True,0.005295855026550998
k33,dev_algiers,13,9,0.002954049228173033,rem,zne,True,0.0009649729039803091,True,True,0.0061215740725695895,0.002954049228173033,rem,zne,True,0.0009649729039803091,True,True,0.005295855026550998
k33,dev_algiers,14,9,0.0026656099595806873,rem,zne_rem,True,0.0012422960215080507,True,True,0.0061215740725695895,0.0026656099595806873,rem,zne_rem,True,0.0012422960215080507,True,True,0.005295855026550998
k33,dev_algiers,15,9,0.0021162346135668144,rem,zne_rem,True,0.0015269516346838733,True,True,0.0061215740725695895,0.0021162346135668144,rem,zne_rem,True,0.0015269516346838733,True,True,0.005295855026550998
k33,dev_algiers,16,9,0.0028897840222405057,rem,zne_rem,True,0.0011396461918008899,True,True,0.0061215740725695895,0.0032394627170413744,none,zne_rem,True,0.0011396461918008899,True,True,0.005295855026550998
k33,dev_algiers,17,9,0.002579837710666494,rem,zne,True,0.001098079854617379,True,True,0.0061215740725695895,0.0025079732510287817,none,zne,True,0.001098079854617379,True,True,0.005295855026550998
k33,dev_algiers,18,9,0.0027567932013602865,rem,zne,True,0.00026223705830534055,True,True,0.0061215740725695895,0.0027567932013602865,rem,zne,True,0.00026223705830534055,True,True,0.005295855026550998
k33,dev_algiers,19,9,0.0013870243464406135,rem,zne_rem,True,0.0009490792561016469,True,True,0.0061215740725695895,0.0013870243464406135,rem,zne_rem,True,0.0009490792561016469,True,True,0.005295855026550998
k33,dev_algiers,20,9,0.0030507544935756523,rem,zne_rem,True,0.00043523382768947033,True,True,0.0061215740725695895,0.0030507544935756523,rem,zne_rem,True,0.00043523382768947033,True,True,0.005295855026550998
k33,dev_algiers,21,9,0.002590406898623129,rem,zne_rem,True,0.00027402424125529996,True,True,0.0061215740725695895,0.002590406898623129,rem,zne_rem,True,0.00027402424125529996,True,True,0.005295855026550998
k33,dev_algiers,22,9,0.0025261029571844087,rem,zne,True,0.0006219778232893256,True,True,0.0061215740725695895,0.0025261029571844087,rem,zne,True,0.0006219778232893256,True,True,0.005295855026550998
k33,dev_algiers,23,9,0.00076450763569449,rem,zne_rem,True,0.0008179074959443958,True,True,0.0061215740725695895,0.00076450763569449,rem,zne_rem,True,0.0008179074959443958,True,True,0.005295855026550998
k33,dev_algiers,24,9,0.0038410950155401383,rem,zne,True,0.00010241796187997834,True,True,0.0061215740725695895,0.0038410950155401383,rem,zne,True,0.00010241796187997834,True,True,0.005295855026550998
k33,dev_algiers,25,9,0.0031666221302503335,rem,zne_rem,True,0.0001030498292753341,True,True,0.0061215740725695895,0.0025191691405811335,none,zne_rem,True,0.0001030498292753341,True,True,0.005295855026550998
k33,dev_algiers,26,9,0.002617974059722275,rem,zne,True,0.0009024250599978025,True,True,0.0061215740725695895,0.002617974059722275,rem,zne,True,0.0009024250599978025,True,True,0.005295855026550998
k33,dev_algiers,27,9,0.001910166545883681,rem,zne_rem,True,9.480183796882084e-05,True,True,0.0061215740725695895,0.001910166545883681,rem,zne_rem,True,9.480183796882084e-05,True,True,0.005295855026550998
k33,dev_algiers,28,9,0.0014867011619166617,rem,zne,True,8.957180700646873e-05,True,True,0.0061215740725695895,0.0014867011619166617,rem,zne,True,8.957180700646873e-05,True,True,0.005295855026550998
k33,dev_algiers,29,9,0.0021710338986572772,rem,zne,True,0.0017752027266246969,True,True,0.0061215740725695895,0.0021710338986572772,rem,zne,True,0.0017752027266246969,True,True,0.005295855026550998
k33,dev_lagos,0,9,0.0,zne_rem,zne_rem,False,0.0007390322198061414,True,True,0.05581831314927366,0.0,zne_rem,zne_rem,False,0.0007390322198061414,True,True,0.04240932107727474
k33,dev_lagos,1,9,0.0022890966995528905,zne_rem,rem,True,0.0001684970071579599,True,True,0.05581831314927366,0.0022890966995528905,zne_rem,rem,True,0.0001684970071579599,True,True,0.04240932107727474
k33,dev_lagos,2,9,0.0,zne_rem,zne_rem,False,0.006703810985016164,True,True,0.05581831314927366,0.0,zne_rem,zne_rem,False,0.006703810985016164,True,True,0.04240932107727474
k33,dev_lagos,3,9,0.0027994376436925347,rem,zne,True,0.0033021328177450177,True,True,0.05581831314927366,0.0027994376436925347,rem,zne,True,0.0012147633744855706,True,True,0.04240932107727474
k33,dev_lagos,4,9,0.013741613419749835,rem,zne_rem,True,0.0006385859967866334,True,True,0.05581831314927366,0.013741613419749835,rem,zne_rem,True,0.0006385859967866334,True,True,0.04240932107727474
k33,dev_lagos,5,9,0.0,zne_rem,zne_rem,False,0.0013155769300310356,True,True,0.05581831314927366,0.0,zne_rem,zne_rem,False,0.0013155769300310356,True,True,0.04240932107727474
k33,dev_lagos,6,9,0.0,rem,rem,False,0.0034943208546567494,True,True,0.05581831314927366,0.0,rem,rem,False,0.0034943208546567494,True,True,0.04240932107727474
k33,dev_lagos,7,9,0.012446481008121681,zne_rem,zne,True,0.0007211149436091317,True,True,0.05581831314927366,0.012446481008121681,zne_rem,zne,True,0.0007211149436091317,True,True,0.04240932107727474
k33,dev_lagos,8,9,0.0,zne_rem,zne_rem,False,0.0016178754520896265,True,True,0.05581831314927366,0.0,zne_rem,zne_rem,False,0.0016178754520896265,True,True,0.04240932107727474
k33,dev_lagos,9,9,0.002975760938078569,zne_rem,zne,True,0.0010799270188425222,True,True,0.05581831314927366,0.002975760938078569,zne_rem,zne,True,0.0008287037037036587,True,True,0.04240932107727474
k33,dev_lagos,10,9,0.0,zne_rem,zne_rem,False,0.008134616202779082,True,True,0.05581831314927366,0.0,zne_rem,zne_rem,False,0.008134616202779082,True,True,0.04240932107727474
k33,dev_lagos,11,9,0.0,zne_rem,zne_rem,False,0.009288132980446477,True,True,0.05581831314927366,0.0,zne_rem,zne_rem,False,0.009288132980446477,True,True,0.04240932107727474
k33,dev_lagos,12,9,3.227669990673988e-05,zne_rem,zne,True,5.899870326077978e-05,True,True,0.05581831314927366,3.227669990673988e-05,zne_rem,zne,True,5.899870326077978e-05,True,True,0.04240932107727474
k33,dev_lagos,13,9,0.0,zne_rem,zne_rem,False,0.004121989189870913,True,True,0.05581831314927366,0.0,zne_rem,zne_rem,False,0.004121989189870913,True,True,0.04240932107727474
k33,dev_lagos,14,9,0.0,zne_rem,zne_rem,False,0.007729909897962705,True,True,0.05581831314927366,0.0,zne_rem,zne_rem,False,0.007729909897962705,True,True,0.04240932107727474
k33,dev_lagos,15,9,0.002348745986839731,zne_rem,zne,True,0.004416011639247577,True,True,0.05581831314927366,0.002348745986839731,zne_rem,zne,True,0.00349999999999998,True,True,0.04240932107727474
k33,dev_lagos,16,9,0.00045250483260871207,zne_rem,zne,True,0.0005302338488445428,True,True,0.05581831314927366,0.00045250483260871207,zne_rem,zne,True,0.0005302338488445428,True,True,0.04240932107727474
k33,dev_lagos,17,9,0.0018578100921675914,rem,zne_rem,True,0.0029383935144598333,True,True,0.05581831314927366,0.0018578100921675914,rem,zne_rem,True,0.0029383935144598333,True,True,0.04240932107727474
k33,dev_lagos,18,9,-0.003995956023947592,zne_rem,rem,True,0.0004976809151774049,True,True,0.05581831314927366,-0.003995956023947592,zne_rem,rem,True,0.0004976809151774049,True,True,0.04240932107727474
k33,dev_lagos,19,9,0.0,rem,rem,False,0.0012392524278043453,True,True,0.05581831314927366,0.0,rem,rem,False,0.0012392524278043453,True,True,0.04240932107727474
k33,dev_lagos,20,9,-0.0003732073051777955,rem,zne,True,0.0009268521252306696,True,True,0.05581831314927366,-0.0003732073051777955,rem,zne,True,0.0009268521252306696,True,True,0.04240932107727474
k33,dev_lagos,21,9,0.0009525892846031133,zne_rem,rem,True,0.0006740839564370912,True,True,0.05581831314927366,0.0009525892846031133,zne_rem,rem,True,0.0006740839564370912,True,True,0.04240932107727474
k33,dev_lagos,22,9,0.0,rem,rem,False,0.0023059864273593045,True,True,0.05581831314927366,0.0,rem,rem,False,0.0023059864273593045,True,True,0.04240932107727474
k33,dev_lagos,23,9,0.003275354114802062,rem,zne_rem,True,0.008598240195580403,True,True,0.05581831314927366,0.003275354114802062,rem,zne_rem,True,0.008598240195580403,True,True,0.04240932107727474
k33,dev_lagos,24,9,-0.002091446833950592,rem,zne_rem,True,0.004624678064816545,True,True,0.05581831314927366,-0.002091446833950592,rem,zne_rem,True,0.004624678064816545,True,True,0.04240932107727474
k33,dev_lagos,25,9,-0.0026565668975542306,rem,zne_rem,True,0.0015284041186070564,True,True,0.05581831314927366,-0.0026565668975542306,rem,zne_rem,True,0.0015284041186070564,True,True,0.04240932107727474
k33,dev_lagos,26,9,0.0,zne_rem,zne_rem,False,0.0032479226538847505,True,True,0.05581831314927366,0.0,zne_rem,zne_rem,False,0.0032479226538847505,True,True,0.04240932107727474
k33,dev_lagos,27,9,0.0030893164774737237,rem,zne,True,0.008004216052968303,True,True,0.05581831314927366,0.0030893164774737237,rem,zne,True,0.003934156378600807,True,True,0.04240932107727474
k33,dev_lagos,28,9,0.003668944661607196,zne_rem,zne,True,0.0021078037805674693,True,True,0.05581831314927366,0.003668944661607196,zne_rem,zne,True,0.0018603395061727868,True,True,0.04240932107727474
k33,dev_lagos,29,9,-0.004313543471748941,zne_rem,rem,True,0.0006230530442806131,True,True,0.05581831314927366,-0.004313543471748941,zne_rem,rem,True,0.0006230530442806131,True,True,0.04240932107727474
octahedron,dev_algiers,0,8,0.0014521021867194006,rem,zne_rem,True,0.00024011054865903658,True,True,0.00522205392144513,0.0014521021867194006,rem,zne_rem,True,0.00024011054865903658,True,True,0.0044747576939852445
octahedron,dev_algiers,1,8,0.001658400336939106,rem,zne_rem,True,9.672281506761804e-05,True,True,0.00522205392144513,0.001658400336939106,rem,zne_rem,True,9.672281506761804e-05,True,True,0.0044747576939852445
octahedron,dev_algiers,2,8,0.002003587242304844,rem,zne_rem,True,0.0015352956553483649,True,True,0.00522205392144513,0.002003587242304844,rem,zne_rem,True,0.0015352956553483649,True,True,0.0044747576939852445
octahedron,dev_algiers,3,8,0.0017723234122797998,rem,zne,True,0.00161880947582356,True,True,0.00522205392144513,0.0017723234122797998,rem,zne,True,0.00161880947582356,True,True,0.0044747576939852445
octahedron,dev_algiers,4,8,-0.001759379856446669,zne_rem,zne,True,0.0007849018294255605,True,True,0.00522205392144513,-0.001759379856446669,zne_rem,zne,True,0.0007849018294255605,True,True,0.0044747576939852445
octahedron,dev_algiers,5,8,0.002183226666595775,rem,zne,True,0.0009866320354041669,True,True,0.00522205392144513,0.00352539062499993,none,zne,True,0.0009866320354041669,True,True,0.0044747576939852445
octahedron,dev_algiers,6,8,0.0,zne_rem,zne_rem,False,0.0006809064179088137,True,True,0.00522205392144513,0.0,zne_rem,zne_rem,False,0.0006809064179088137,True,True,0.0044747576939852445
octahedron,dev_algiers,7,8,0.0032602800689334327,rem,zne_rem,True,0.0011135047830753697,True,True,0.00522205392144513,0.0032602800689334327,rem,zne_rem,True,0.0011135047830753697,True,True,0.0044747576939852445
octahedron,dev_algiers,8,8,0.002439143520301973,rem,zne_rem,True,0.00040568389559569873,True,True,0.00522205392144513,0.002439143520301973,rem,zne_rem,True,0.00040568389559569873,True,True,0.0044747576939852445
octahedron,dev_algiers,9,8,0.001403122301345136,zne,zne_rem,True,0.0013848486880472521,True,True,0.00522205392144513,0.001403122301345136,zne,zne_rem,True,0.0013848486880472521,True,True,0.0044747576939852445
octahedron,dev_algiers,10,8,0.0009489641542967664,rem,zne_rem,True,0.00039970945883358033,True,True,0.00522205392144513,0.0009489641542967664,rem,zne_rem,True,0.00039970945883358033,True,True,0.0044747576939852445
octahedron,dev_algiers,11,8,0.0026332614078754257,rem,zne,True,0.00204615505081103,True,True,0.00522205392144513,0.0025716145833332704,none,zne,True,0.00204615505081103,True,True,0.0044747576939852445
octahedron,dev_algiers,12,8,0.002252013749267756,rem,zne_rem,True,0.0009259271559775573,True,True,0.00522205392144513,0.003149469806935118,none,zne_rem,True,0.0009259271559775573,True,True,0.0044747576939852445
octahedron,dev_algiers,13,8,0.002803855422575219,rem,zne_rem,True,0.00015639674586399865,True,True,0.00522205392144513,0.002803855422575219,rem,zne_rem,True,0.00015639674586399865,True,True,0.0044747576939852445
octahedron,dev_algiers,14,8,0.0020233167612752068,rem,zne,True,7.661428992761232e-05,True,True,0.00522205392144513,0.0020233167612752068,rem,zne,True,7.661428992761232e-05,True,True,0.0044747576939852445
octahedron,dev_algiers,15,8,0.0,zne_rem,zne_rem,False,0.00024437885794338643,True,True,0.00522205392144513,0.0,zne_rem,zne_rem,False,0.00024437885794338643,True,True,0.0044747576939852445
octahedron,dev_algiers,16,8,0.0011670780549887932,rem,zne,True,0.00013634633276461694,True,True,0.00522205392144513,0.0011670780549887932,rem,zne,True,0.00013634633276461694,True,True,0.0044747576939852445
octahedron,dev_algiers,17,8,0.0026343750458219656,rem,zne,True,0.00022936975388848646,True,True,0.00522205392144513,0.0026343750458219656,rem,zne,True,0.00022936975388848646,True,True,0.0044747576939852445
octahedron,dev_algiers,18,8,-0.00018956543707507323,rem,zne,True,0.0005892811887672489,True,True,0.00522205392144513,-0.00018956543707507323,rem,zne,True,0.0005892811887672489,True,True,0.0044747576939852445
octahedron,dev_algiers,19,8,0.001012321341754857,rem,zne,True,0.0005781094947887311,True,True,0.00522205392144513,0.001012321341754857,rem,zne,True,0.0005781094947887311,True,True,0.0044747576939852445
octahedron,dev_algiers,20,8,-0.0011484434035835267,zne,zne_rem,True,0.00018584056656979764,True,True,0.00522205392144513,-0.0011484434035835267,zne,zne_rem,True,0.00018584056656979764,True,True,0.0044747576939852445
octahedron,dev_algiers,21,8,0.0018386114917149365,rem,zne,True,0.0015442595694405287,True,True,0.00522205392144513,0.0018386114917149365,rem,zne,True,0.0015442595694405287,True,True,0.0044747576939852445
octahedron,dev_algiers,22,8,-0.0003823384714055772,zne,zne_rem,True,0.0017820270489580237,True,True,0.00522205392144513,-0.0003823384714055772,zne,zne_rem,True,0.0017820270489580237,True,True,0.0044747576939852445
octahedron,dev_algiers,23,8,0.002494948920464826,rem,zne,True,7.537433879453714e-05,True,True,0.00522205392144513,0.002873363593470582,none,zne,True,7.537433879453714e-05,True,True,0.0044747576939852445
octahedron,dev_algiers,24,8,-0.00040456431959663697,zne_rem,zne,True,0.0021844752137573503,True,True,0.00522205392144513,-0.00040456431959663697,zne_rem,zne,True,0.0021844752137573503,True,True,0.0044747576939852445
octahedron,dev_algiers,25,8,0.002781863786715466,rem,zne_rem,True,0.0009973361675093412,True,True,0.00522205392144513,0.002781863786715466,rem,zne_rem,True,0.0009973361675093412,True,True,0.0044747576939852445
octahedron,dev_algiers,26,8,0.0025455644801505584,rem,zne_rem,True,0.0007615767976440063,True,True,0.00522205392144513,0.0025455644801505584,rem,zne_rem,True,0.0007615767976440063,True,True,0.0044747576939852445
octahedron,dev_algiers,27,8,0.0015037503817492553,rem,zne,True,0.0005474722047384833,True,True,0.00522205392144513,0.0015037503817492553,rem,zne,True,0.0005474722047384833,True,True,0.0044747576939852445
octahedron,dev_algiers,28,8,-0.0010564743194367565,zne_rem,zne,True,0.0008191252719992881,True,True,0.00522205392144513,-0.0010564743194367565,zne_rem,zne,True,0.0008191252719992881,True,True,0.0044747576939852445
octahedron,dev_algiers,29,8,0.0009633734572624675,rem,zne,True,1.4370259492066384e-05,True,True,0.00522205392144513,0.0009633734572624675,rem,zne,True,1.4370259492066384e-05,True,True,0.0044747576939852445
octahedron,dev_lagos,0,8,0.005391810071002728,rem,zne,True,0.0022382079406112754,True,True,0.023225965121543193,0.005391810071002728,rem,zne,True,0.0022382079406112754,True,True,0.01808011065300362
octahedron,dev_lagos,1,8,0.0,zne_rem,zne_rem,False,0.0025915852557828606,True,True,0.023225965121543193,0.0,zne_rem,zne_rem,False,0.0025915852557828606,True,True,0.01808011065300362
octahedron,dev_lagos,2,8,0.0,rem,rem,False,0.0019460379277211476,True,True,0.023225965121543193,0.0,rem,rem,False,0.0019460379277211476,True,True,0.01808011065300362
octahedron,dev_lagos,3,8,0.0,zne,zne,False,0.002276957352184042,True,True,0.023225965121543193,0.0,zne,zne,False,0.002276957352184042,True,True,0.01808011065300362
octahedron,dev_lagos,4,8,0.008678920752068109,zne_rem,zne,True,0.0018316194401286484,True,True,0.023225965121543193,0.008678920752068109,zne_rem,zne,True,0.0018316194401286484,True,True,0.01808011065300362
octahedron,dev_lagos,5,8,0.0017339561549926524,zne_rem,zne,True,0.004727735583164194,True,True,0.023225965121543193,0.0017339561549926524,zne_rem,zne,True,0.004436197916666662,True,True,0.01808011065300362
octahedron,dev_lagos,6,8,-0.0010488709296983117,zne_rem,rem,True,0.0010568831326918382,True,True,0.023225965121543193,-0.0010488709296983117,zne_rem,rem,True,0.0010568831326918382,True,True,0.01808011065300362
octahedron,dev_lagos,7,8,0.014843257142480623,rem,zne_rem,True,0.012406706899600065,False,True,0.023225965121543193,0.014843257142480623,rem,zne_rem,True,0.012406706899600065,False,True,0.01808011065300362
octahedron,dev_lagos,8,8,0.007226946954681734,zne_rem,zne,True,0.003184191910261036,True,True,0.023225965121543193,0.007226946954681734,zne_rem,zne,True,0.003184191910261036,True,True,0.01808011065300362
octahedron,dev_lagos,9,8,0.0,zne_rem,zne_rem,False,0.006630905026105388,True,True,0.023225965121543193,0.0,zne_rem,zne_rem,False,0.006630905026105388,True,True,0.01808011065300362
octahedron,dev_lagos,10,8,0.0,zne_rem,zne_rem,False,0.002386198049927485,True,True,0.023225965121543193,0.0,zne_rem,zne_rem,False,0.002386198049927485,True,True,0.01808011065300362
octahedron,dev_lagos,11,8,-0.008446149026013566,rem,zne_rem,True,0.0012251194604142174,True,True,0.023225965121543193,-0.008446149026013566,rem,zne_rem,True,0.0012251194604142174,True,True,0.01808011065300362
octahedron,dev_lagos,12,8,0.0,zne_rem,zne_rem,False,0.003151436688175885,True,True,0.023225965121543193,0.0,zne_rem,zne_rem,False,0.003151436688175885,True,True,0.01808011065300362
octahedron,dev_lagos,13,8,0.006393399234960198,rem,zne_rem,True,0.006532019511398965,True,True,0.023225965121543193,0.006393399234960198,rem,zne_rem,True,0.006532019511398965,True,True,0.01808011065300362
octahedron,dev_lagos,14,8,0.0,rem,rem,False,0.0016893244465068236,True,True,0.023225965121543193,0.0,rem,rem,False,0.0016893244465068236,True,True,0.01808011065300362
octahedron,dev_lagos,15,8,-0.004420371975579554,zne_rem,zne,True,0.000853130749803338,True,True,0.023225965121543193,-0.004420371975579554,zne_rem,zne,True,0.000853130749803338,True,True,0.01808011065300362
octahedron,dev_lagos,16,8,-0.004031525926260313,rem,zne_rem,True,0.004957749324747213,True,True,0.023225965121543193,-0.004031525926260313,rem,zne_rem,True,0.004957749324747213,True,True,0.01808011065300362
octahedron,dev_lagos,17,8,0.0,zne_rem,zne_rem,False,0.007467175815872487,True,True,0.023225965121543193,0.0,zne_rem,zne_rem,False,0.007467175815872487,True,True,0.01808011065300362
octahedron,dev_lagos,18,8,0.0,zne_rem,zne_rem,False,0.005183702788736394,True,True,0.023225965121543193,0.0,zne_rem,zne_rem,False,0.005183702788736394,True,True,0.01808011065300362
octahedron,dev_lagos,19,8,-0.01294694766721724,rem,zne_rem,True,0.0021407859602474016,True,True,0.023225965121543193,-0.01294694766721724,rem,zne_rem,True,0.0021407859602474016,True,True,0.01808011065300362
octahedron,dev_lagos,20,8,0.0,rem,rem,False,0.0013311889270010563,True,True,0.023225965121543193,0.0,rem,rem,False,0.0013311889270010563,True,True,0.01808011065300362
octahedron,dev_lagos,21,8,0.0017596056752224448,rem,zne,True,0.0021178535204283144,True,True,0.023225965121543193,0.0017596056752224448,rem,zne,True,0.0021178535204283144,True,True,0.01808011065300362
octahedron,dev_lagos,22,8,-0.006625704478502484,zne_rem,rem,True,0.0024330446682049034,True,True,0.023225965121543193,-0.006625704478502484,zne_rem,rem,True,0.0024330446682049034,True,True,0.01808011065300362
octahedron,dev_lagos,23,8,0.0026731314140669427,rem,zne,True,0.0012784808393977304,True,True,0.023225965121543193,0.0026731314140669427,rem,zne,True,0.0012784808393977304,True,True,0.01808011065300362
octahedron,dev_lagos,24,8,-0.01266607816674463,zne,zne_rem,True,0.003615798864260042,True,True,0.023225965121543193,-0.01266607816674463,zne,zne_rem,True,0.003615798864260042,True,True,0.01808011065300362
octahedron,dev_lagos,25,8,0.0013369787280352596,rem,zne,True,0.0016089374404771734,True,True,0.023225965121543193,0.0013369787280352596,rem,zne,True,0.0016089374404771734,True,True,0.01808011065300362
octahedron,dev_lagos,26,8,0.0,rem,rem,False,0.0014478274276089886,True,True,0.023225965121543193,0.0,rem,rem,False,0.0014478274276089886,True,True,0.01808011065300362
octahedron,dev_lagos,27,8,0.0029026580067484375,zne_rem,rem,True,6.669897044551953e-05,True,True,0.023225965121543193,0.0029026580067484375,zne_rem,rem,True,6.669897044551953e-05,True,True,0.01808011065300362
octahedron,dev_lagos,28,8,0.00023251132864239576,rem,zne,True,0.001506919772907192,True,True,0.023225965121543193,0.00023251132864239576,rem,zne,True,0.001506919772907192,True,True,0.01808011065300362
octahedron,dev_lagos,29,8,0.0068632490572048815,zne_rem,rem,True,0.0037603601847734924,True,True,0.023225965121543193,0.0068632490572048815,zne_rem,rem,True,0.0037603601847734924,True,True,0.01808011065300362
path6,dev_algiers,0,5,0.002485557946564434,rem,zne,True,1.1114286720736999e-05,True,True,0.005961187008994988,0.002485557946564434,rem,zne,True,1.1114286720736999e-05,True,True,0.00507126264012414
path6,dev_algiers,1,5,0.001179749554583669,rem,zne,True,0.0016874012471975951,True,True,0.005961187008994988,0.001179749554583669,rem,zne,True,0.0016874012471975951,True,True,0.00507126264012414
path6,dev_algiers,2,5,0.0036827281283486,rem,zne,True,0.0012169986673734633,True,True,0.005961187008994988,0.0036827281283486,rem,zne,True,0.0012169986673734633,True,True,0.00507126264012414
path6,dev_algiers,3,5,0.002533581361455717,rem,zne,True,0.0005872837096861083,True,True,0.005961187008994988,0.002533581361455717,rem,zne,True,0.0005872837096861083,True,True,0.00507126264012414
path6,dev_algiers,4,5,0.0032736644785217447,rem,zne,True,0.0046350232724667075,True,True,0.005961187008994988,0.004758333333333269,none,zne,True,0.0046350232724667075,True,True,0.00507126264012414
path6,dev_algiers,5,5,-0.0007181422648999104,rem,zne_rem,True,9.154088070387096e-05,True,True,0.005961187008994988,-0.0007181422648999104,rem,zne_rem,True,9.154088070387096e-05,True,True,0.00507126264012414
path6,dev_algiers,6,5,0.0025759250187789282,rem,zne,True,0.0005858895736809977,True,True,0.005961187008994988,0.0025759250187789282,rem,zne,True,0.0005858895736809977,True,True,0.00507126264012414
path6,dev_algiers,7,5,0.0026322848824769985,rem,zne_rem,True,0.0019971631265858396,True,True,0.005961187008994988,0.0026322848824769985,rem,zne_rem,True,0.0019971631265858396,True,True,0.00507126264012414
path6,dev_algiers,8,5,0.0,rem,rem,False,8.164701432974674e-05,True,True,0.005961187008994988,0.0,rem,rem,False,8.164701432974674e-05,True,True,0.00507126264012414
path6,dev_algiers,9,5,0.0010806921297081297,rem,zne_rem,True,0.003702662575781055,True,True,0.005961187008994988,0.0010806921297081297,rem,zne_rem,True,0.003702662575781055,True,True,0.00507126264012414
path6,dev_algiers,10,5,0.002994208420991065,rem,zne,True,0.00023148376501904268,True,True,0.005961187008994988,0.002994208420991065,rem,zne,True,0.00023148376501904268,True,True,0.00507126264012414
path6,dev_algiers,11,5,0.0014738901771320558,rem,zne_rem,True,0.00023407240210691072,True,True,0.005961187008994988,0.0014738901771320558,rem,zne_rem,True,0.00023407240210691072,True,True,0.00507126264012414
path6,dev_algiers,12,5,0.0013872178692196434,rem,zne_rem,True,0.0009000577539286424,True,True,0.005961187008994988,0.0013872178692196434,rem,zne_rem,True,0.0009000577539286424,True,True,0.00507126264012414
path6,dev_algiers,13,5,0.00029606907083111966,rem,zne_rem,True,0.0016100665214193732,True,True,0.005961187008994988,0.00029606907083111966,rem,zne_rem,True,0.0016100665214193732,True,True,0.00507126264012414
path6,dev_algiers,14,5,0.002996901738596964,rem,zne_rem,True,0.0018589266550586101,True,True,0.005961187008994988,0.002996901738596964,rem,zne_rem,True,0.0018589266550586101,True,True,0.00507126264012414
path6,dev_algiers,15,5,0.0019600369339654476,rem,zne,True,0.00217394033003373,True,True,0.005961187008994988,0.0019600369339654476,rem,zne,True,0.00217394033003373,True,True,0.00507126264012414
path6,dev_algiers,16,5,0.0036204341407854736,rem,zne_rem,True,0.0021349957814845943,True,True,0.005961187008994988,0.0036204341407854736,rem,zne_rem,True,0.0021349957814845943,True,True,0.00507126264012414
path6,dev_algiers,17,5,0.00160044458522945,rem,zne_rem,True,0.001315197573710698,True,True,0.005961187008994988,0.00160044458522945,rem,zne_rem,True,0.001315197573710698,True,True,0.00507126264012414
path6,dev_algiers,18,5,0.0002314177963440932,rem,zne_rem,True,0.001255580460581367,True,True,0.005961187008994988,0.0002314177963440932,rem,zne_rem,True,0.001255580460581367,True,True,0.00507126264012414
path6,dev_algiers,19,5,0.004301214225781269,rem,zne_rem,True,0.0007423407218063182,True,True,0.005961187008994988,0.004301214225781269,rem,zne_rem,True,0.0007423407218063182,True,True,0.00507126264012414
path6,dev_algiers,20,5,0.0027321873027991474,rem,zne_rem,True,0.00044802796808840023,True,True,0.005961187008994988,0.0027321873027991474,rem,zne_rem,True,0.00044802796808840023,True,True,0.00507126264012414
path6,dev_algiers,21,5,-0.0021330503977237568,rem,zne,True,0.002165798597958695,True,True,0.005961187008994988,-0.0021330503977237568,rem,zne,True,0.002165798597958695,True,True,0.00507126264012414
path6,dev_algiers,22,5,0.0001853100156962918,rem,zne_rem,True,1.293972142681456e-05,True,True,0.005961187008994988,0.0001853100156962918,rem,zne_rem,True,1.293972142681456e-05,True,True,0.00507126264012414
path6,dev_algiers,23,5,0.0037315894703841223,rem,zne,True,0.0020240488859647066,True,True,0.005961187008994988,0.0037315894703841223,rem,zne,True,0.0020240488859647066,True,True,0.00507126264012414
path6,dev_algiers,24,5,-0.00016999555593528727,rem,zne_rem,True,0.002202691532676724,True,True,0.005961187008994988,-0.00016999555593528727,rem,zne_rem,True,0.002202691532676724,True,True,0.00507126264012414
path6,dev_algiers,25,5,0.0008671470423642274,rem,zne,True,0.0012637489513984156,True,True,0.005961187008994988,0.0008671470423642274,rem,zne,True,0.0012637489513984156,True,True,0.00507126264012414
path6,dev_algiers,26,5,0.0031301334897799473,rem,zne,True,0.0003190318603386011,True,True,0.005961187008994988,0.0031301334897799473,rem,zne,True,0.0003190318603386011,True,True,0.00507126264012414
path6,dev_algiers,27,5,0.0024034474233119774,rem,zne_rem,True,0.001529733368667987,True,True,0.005961187008994988,0.0024034474233119774,rem,zne_rem,True,0.001529733368667987,True,True,0.00507126264012414
path6,dev_algiers,28,5,0.0029464316516269132,rem,zne_rem,True,0.0013260499434077921,True,True,0.005961187008994988,0.0029464316516269132,rem,zne_rem,True,0.0013260499434077921,True,True,0.00507126264012414
path6,dev_algiers,29,5,0.004817984737495973,rem,zne,True,0.002220113481261468,True,True,0.005961187008994988,0.004817984737495973,rem,zne,True,0.002220113481261468,True,True,0.00507126264012414
path6,dev_lagos,0,5,0.0,rem,rem,False,0.0028336699931973187,True,True,0.03231207900723157,0.0,rem,rem,False,0.0028336699931973187,True,True,0.025038051578652566
path6,dev_lagos,1,5,-0.0012767442833779286,zne_rem,rem,True,0.001432854771260339,True,True,0.03231207900723157,-0.0012767442833779286,zne_rem,rem,True,0.001432854771260339,True,True,0.025038051578652566
path6,dev_lagos,2,5,-0.028639088148702873,zne_rem,rem,True,0.005949968093549118,True,True,0.03231207900723157,-0.028639088148702873,zne_rem,rem,True,0.0051458014268824185,True,True,0.025038051578652566
path6,dev_lagos,3,5,-0.013812277811803372,zne_rem,rem,True,0.00714810990875987,True,True,0.03231207900723157,-0.013812277811803372,zne_rem,rem,True,0.00714810990875987,True,True,0.025038051578652566
path6,dev_lagos,4,5,0.0,rem,rem,False,0.006241072135097986,True,True,0.03231207900723157,0.0,rem,rem,False,0.00507773880176463,True,True,0.025038051578652566
path6,dev_lagos,5,5,0.0,rem,rem,False,0.011178048443869371,False,True,0.03231207900723157,0.0,rem,rem,False,0.011178048443869371,False,True,0.025038051578652566
path6,dev_lagos,6,5,0.0054236948674439844,zne,zne_rem,True,0.005384485865702865,True,True,0.03231207900723157,0.0054236948674439844,zne,zne_rem,True,0.005384485865702865,True,True,0.025038051578652566
path6,dev_lagos,7,5,0.01589937972100584,zne_rem,rem,True,0.011932777439178966,False,True,0.03231207900723157,0.01589937972100584,zne_rem,rem,True,0.010603610772512229,False,True,0.025038051578652566
path6,dev_lagos,8,5,0.002421701708832061,zne_rem,rem,True,0.015326450218890102,False,True,0.03231207900723157,0.002421701708832061,zne_rem,rem,True,0.015326450218890102,False,True,0.025038051578652566
path6,dev_lagos,9,5,0.002239078242737058,zne_rem,rem,True,0.008896641789382593,True,True,0.03231207900723157,0.002239078242737058,zne_rem,rem,True,0.0088208084560493,True,True,0.025038051578652566
path6,dev_lagos,10,5,0.0,rem,rem,False,0.01209321600961365,False,True,0.03231207900723157,0.0,rem,rem,False,0.010869882676280385,False,True,0.025038051578652566
path6,dev_lagos,11,5,0.0,zne_rem,zne_rem,False,0.004384592064846216,True,True,0.03231207900723157,0.0,zne_rem,zne_rem,False,0.004384592064846216,True,True,0.025038051578652566
path6,dev_lagos,12,5,0.008687449635315314,zne,rem,True,0.0018602461881339848,True,True,0.03231207900723157,0.008687449635315314,zne,rem,True,0.0018602461881339848,True,True,0.025038051578652566
path6,dev_lagos,13,5,0.015079053908753259,zne_rem,rem,True,0.004298299468738343,True,True,0.03231207900723157,0.015079053908753259,zne_rem,rem,True,0.004298299468738343,True,True,0.025038051578652566
path6,dev_lagos,14,5,0.0024836968027510398,zne,rem,True,0.00050909435543115,True,True,0.03231207900723157,0.0024836968027510398,zne,rem,True,0.00050909435543115,True,True,0.025038051578652566
path6,dev_lagos,15,5,-0.006014529917021938,zne,rem,True,0.012652731364057515,False,True,0.03231207900723157,-0.006014529917021938,zne,rem,True,0.012652731364057515,False,True,0.025038051578652566
path6,dev_lagos,16,5,-0.0014690904465507692,zne_rem,rem,True,0.006172854690541724,True,True,0.03231207900723157,-0.0014690904465507692,zne_rem,rem,True,0.006172854690541724,True,True,0.025038051578652566
path6,dev_lagos,17,5,-0.012527492649338811,rem,zne_rem,True,0.001645838142817907,True,True,0.03231207900723157,-0.012527492649338811,rem,zne_rem,True,0.001645838142817907,True,True,0.025038051578652566
path6,dev_lagos,18,5,-0.007506188326769203,zne,zne_rem,True,0.020997942023870182,False,True,0.03231207900723157,-0.007506188326769203,zne,zne_rem,True,0.020997942023870182,False,True,0.025038051578652566
path6,dev_lagos,19,5,0.0,zne_rem,zne_rem,False,0.011442954330040856,False,True,0.03231207900723157,0.0,zne_rem,zne_rem,False,0.011442954330040856,False,True,0.025038051578652566
path6,dev_lagos,20,5,-0.013658166509377128,zne_rem,rem,True,0.006122878185428749,True,True,0.03231207900723157,-0.013658166509377128,zne_rem,rem,True,0.006122878185428749,True,True,0.025038051578652566
path6,dev_lagos,21,5,0.0,zne_rem,zne_rem,False,0.0033453395989998026,True,True,0.03231207900723157,0.0,zne_rem,zne_rem,False,0.0033453395989998026,True,True,0.025038051578652566
path6,dev_lagos,22,5,-0.008666938213486441,zne_rem,rem,True,0.0019671035912306677,True,True,0.03231207900723157,-0.008666938213486441,zne_rem,rem,True,0.0019671035912306677,True,True,0.025038051578652566
path6,dev_lagos,23,5,0.0,zne_rem,zne_rem,False,0.006810077494458453,True,True,0.03231207900723157,0.0,zne_rem,zne_rem,False,0.006810077494458453,True,True,0.025038051578652566
path6,dev_lagos,24,5,0.0,rem,rem,False,0.007402655436909883,True,True,0.03231207900723157,0.0,rem,rem,False,0.007402655436909883,True,True,0.025038051578652566
path6,dev_lagos,25,5,-0.010973926589538113,zne_rem,rem,True,0.005473057278914018,True,True,0.03231207900723157,-0.010973926589538113,zne_rem,rem,True,0.005473057278914018,True,True,0.025038051578652566
path6,dev_lagos,26,5,-0.007305265394058897,zne_rem,rem,True,0.0054499150409501925,True,True,0.03231207900723157,-0.007305265394058897,zne_rem,rem,True,0.0054499150409501925,True,True,0.025038051578652566
path6,dev_lagos,27,5,0.013861147491376225,zne_rem,rem,True,0.0023345416651300243,True,True,0.03231207900723157,0.013861147491376225,zne_rem,rem,True,0.0023345416651300243,True,True,0.025038051578652566
path6,dev_lagos,28,5,-0.006258655480070041,zne_rem,zne,True,0.01547610212011774,False,True,0.03231207900723157,-0.006258655480070041,zne_rem,zne,True,0.006759166666666589,True,True,0.025038051578652566
path6,dev_lagos,29,5,0.0020266265130712557,zne,rem,True,0.007783211758109548,True,True,0.03231207900723157,0.0020266265130712557,zne,rem,True,0.007783211758109548,True,True,0.025038051578652566
prism,dev_algiers,0,7,0.002070634744904921,rem,zne,True,0.00037580238666564157,True,True,0.004901800123743357,0.002070634744904921,rem,zne,True,0.00037580238666564157,True,True,0.004186467292254396
prism,dev_algiers,1,7,0.0015269776286189955,rem,zne,True,0.0003589613253636704,True,True,0.004901800123743357,0.0015269776286189955,rem,zne,True,0.0003589613253636704,True,True,0.004186467292254396
prism,dev_algiers,2,7,0.0021585568442685867,rem,zne_rem,True,0.0005117260775390006,True,True,0.004901800123743357,0.0021585568442685867,rem,zne_rem,True,0.0005117260775390006,True,True,0.004186467292254396
prism,dev_algiers,3,7,0.0029672907310264967,rem,zne_rem,True,0.000611872520641745,True,True,0.004901800123743357,0.0029672907310264967,rem,zne_rem,True,0.000611872520641745,True,True,0.004186467292254396
prism,dev_algiers,4,7,0.004604506457272354,rem,zne,True,0.000383102733529139,True,True,0.004901800123743357,0.004604506457272354,rem,zne,True,0.000383102733529139,True,True,0.004186467292254396
prism,dev_algiers,5,7,0.0035444259300613486,rem,zne,True,0.0009740995443846342,True,True,0.004901800123743357,0.0035444259300613486,rem,zne,True,0.0009740995443846342,True,True,0.004186467292254396
prism,dev_algiers,6,7,0.0013231955925344086,rem,zne,True,0.0005412552807317531,True,True,0.004901800123743357,0.0013231955925344086,rem,zne,True,0.0005412552807317531,True,True,0.004186467292254396
prism,dev_algiers,7,7,0.002158430887497206,rem,zne_rem,True,0.000756543849632101,True,True,0.004901800123743357,0.002158430887497206,rem,zne_rem,True,0.000756543849632101,True,True,0.004186467292254396
prism,dev_algiers,8,7,0.0013852579660282632,rem,zne_rem,True,0.0007482886415631163,True,True,0.004901800123743357,0.0013852579660282632,rem,zne_rem,True,0.0007482886415631163,True,True,0.004186467292254396
prism,dev_algiers,9,7,0.0028311223303832665,rem,zne_rem,True,0.0001890070117442821,True,True,0.004901800123743357,0.0028311223303832665,rem,zne_rem,True,0.0001890070117442821,True,True,0.004186467292254396
prism,dev_algiers,10,7,0.004450413148966917,rem,zne_rem,True,0.0004513104684420092,True,True,0.004901800123743357,0.004450413148966917,rem,zne_rem,True,0.0004513104684420092,True,True,0.004186467292254396
prism,dev_algiers,11,7,0.0005590524858611845,rem,zne,True,0.0006907378764927483,True,True,0.004901800123743357,0.0005590524858611845,rem,zne,True,0.0006907378764927483,True,True,0.004186467292254396
prism,dev_algiers,12,7,0.0035264573917143534,rem,zne_rem,True,0.0021935913434638133,True,True,0.004901800123743357,0.0035264573917143534,rem,zne_rem,True,0.0021935913434638133,True,True,0.004186467292254396
prism,dev_algiers,13,7,0.003996337360556848,rem,zne_rem,True,0.0010323413996472406,True,True,0.004901800123743357,0.003996337360556848,rem,zne_rem,True,0.0010323413996472406,True,True,0.004186467292254396
prism,dev_algiers,14,7,0.0017609223872278783,rem,zne,True,0.00015215162263530237,True,True,0.004901800123743357,0.0017609223872278783,rem,zne,True,0.00015215162263530237,True,True,0.004186467292254396
prism,dev_algiers,15,7,0.0030693472439463107,rem,zne_rem,True,0.0012241154525997303,True,True,0.004901800123743357,0.0030693472439463107,rem,zne_rem,True,0.0012241154525997303,True,True,0.004186467292254396
prism,dev_algiers,16,7,0.0036858197817556506,rem,zne_rem,True,0.0001338121556915896,True,True,0.004901800123743357,0.0036858197817556506,rem,zne_rem,True,0.0001338121556915896,True,True,0.004186467292254396
prism,dev_algiers,17,7,0.003005466985769742,rem,zne_rem,True,0.00023449992548423847,True,True,0.004901800123743357,0.003005466985769742,rem,zne_rem,True,0.00023449992548423847,True,True,0.004186467292254396
prism,dev_algiers,18,7,0.0037833982046429977,rem,zne_rem,True,0.0016313437970776699,True,True,0.004901800123743357,0.0037833982046429977,rem,zne_rem,True,0.0016313437970776699,True,True,0.004186467292254396
prism,dev_algiers,19,7,0.001835435524603075,rem,zne,True,0.00022385068612317032,True,True,0.004901800123743357,0.001835435524603075,rem,zne,True,0.00022385068612317032,True,True,0.004186467292254396
prism,dev_algiers,20,7,0.0010118372602828955,rem,zne,True,0.0021602749170168373,True,True,0.004901800123743357,0.0010118372602828955,rem,zne,True,0.0021602749170168373,True,True,0.004186467292254396
prism,dev_algiers,21,7,0.0019218138458545926,rem,zne_rem,True,4.451958070162523e-05,True,True,0.004901800123743357,0.0019218138458545926,rem,zne_rem,True,4.451958070162523e-05,True,True,0.004186467292254396
prism,dev_algiers,22,7,0.0043365131344612114,rem,zne,True,0.0004509245742285365,True,True,0.004901800123743357,0.0043365131344612114,rem,zne,True,0.0004509245742285365,True,True,0.004186467292254396
prism,dev_algiers,23,7,0.0024271251075608214,rem,zne_rem,True,0.00038969459195439755,True,True,0.004901800123743357,0.0024271251075608214,rem,zne_rem,True,0.00038969459195439755,True,True,0.004186467292254396
prism,dev_algiers,24,7,0.0019782436508803372,rem,zne_rem,True,0.000696191130504315,True,True,0.004901800123743357,0.0019782436508803372,rem,zne_rem,True,0.000696191130504315,True,True,0.004186467292254396
prism,dev_algiers,25,7,0.0026521102987882386,rem,zne_rem,True,0.0005827545426075524,True,True,0.004901800123743357,0.0026521102987882386,rem,zne_rem,True,0.0005827545426075524,True,True,0.004186467292254396
prism,dev_algiers,26,7,0.0034063334816730262,rem,zne_rem,True,0.0013887575667667323,True,True,0.004901800123743357,0.0034063334816730262,rem,zne_rem,True,0.0013887575667667323,True,True,0.004186467292254396
prism,dev_algiers,27,7,0.002928228847527668,rem,zne_rem,True,0.000303943532909736,True,True,0.004901800123743357,0.002928228847527668,rem,zne_rem,True,0.000303943532909736,True,True,0.004186467292254396
prism,dev_algiers,28,7,0.0003403723894338993,rem,zne_rem,True,0.00171441912976845,True,True,0.004901800123743357,0.0003403723894338993,rem,zne_rem,True,0.00171441912976845,True,True,0.004186467292254396
prism,dev_algiers,29,7,0.003501098894223182,rem,zne_rem,True,0.0009054897912269476,True,True,0.004901800123743357,0.003501098894223182,rem,zne_rem,True,0.0009054897912269476,True,True,0.004186467292254396
prism,dev_lagos,0,7,0.0,zne_rem,zne_rem,False,0.010262594517292025,False,True,0.0323342480071663,0.0,zne_rem,zne_rem,False,0.010262594517292025,False,True,0.025158718508978994
prism,dev_lagos,1,7,-0.012956721226640244,zne_rem,rem,True,0.0035651153741517055,True,True,0.0323342480071663,-0.012956721226640244,zne_rem,rem,True,0.0035651153741517055,True,True,0.025158718508978994
prism,dev_lagos,2,7,-0.004686839071883099,rem,zne,True,0.001923435937000403,True,True,0.0323342480071663,-0.004686839071883099,rem,zne,True,0.001923435937000403,True,True,0.025158718508978994
prism,dev_lagos,3,7,-0.011733726272060362,zne_rem,rem,True,0.005125551710224627,True,True,0.0323342480071663,-0.011733726272060362,zne_rem,rem,True,0.005125551710224627,True,True,0.025158718508978994
prism,dev_lagos,4,7,0.0060907990594728035,zne_rem,rem,True,0.000886503992311797,True,True,0.0323342480071663,0.0060907990594728035,zne_rem,rem,True,0.000886503992311797,True,True,0.025158718508978994
prism,dev_lagos,5,7,0.0017147637903580054,zne_rem,zne,True,0.0015812022417007346,True,True,0.0323342480071663,0.0017147637903580054,zne_rem,zne,True,0.0015812022417007346,True,True,0.025158718508978994
prism,dev_lagos,6,7,-0.01852252635623194,zne_rem,zne,True,0.0013564680079076682,True,True,0.0323342480071663,-0.01852252635623194,zne_rem,zne,True,0.0013564680079076682,True,True,0.025158718508978994
prism,dev_lagos,7,7,0.0,rem,rem,False,0.0014201244288583326,True,True,0.0323342480071663,0.0,rem,rem,False,0.0014201244288583326,True,True,0.025158718508978994
prism,dev_lagos,8,7,0.0,zne_rem,zne_rem,False,0.0059244838223701125,True,True,0.0323342480071663,0.0,zne_rem,zne_rem,False,0.0059244838223701125,True,True,0.025158718508978994
prism,dev_lagos,9,7,0.0,zne_rem,zne_rem,False,0.011784370008269363,False,True,0.0323342480071663,0.0,zne_rem,zne_rem,False,0.011784370008269363,False,True,0.025158718508978994
prism,dev_lagos,10,7,0.0,zne_rem,zne_rem,False,0.006631072573740097,True,True,0.0323342480071663,0.0,zne_rem,zne_rem,False,0.006631072573740097,True,True,0.025158718508978994
prism,dev_lagos,11,7,0.0,zne_rem,zne_rem,False,0.000657034856661437,True,True,0.0323342480071663,0.0,zne_rem,zne_rem,False,0.000657034856661437,True,True,0.025158718508978994
prism,dev_lagos,12,7,-0.022638293957871796,rem,zne_rem,True,0.008434659859614915,True,True,0.0323342480071663,-0.022638293957871796,rem,zne_rem,True,0.008434659859614915,True,True,0.025158718508978994
prism,dev_lagos,13,7,0.005874579659722635,zne_rem,zne,True,0.00010292476594203823,True,True,0.0323342480071663,0.005874579659722635,zne_rem,zne,True,0.00010292476594203823,True,True,0.025158718508978994
prism,dev_lagos,14,7,-0.0019514785766637966,zne_rem,zne,True,0.0009998157791820336,True,True,0.0323342480071663,-0.0019514785766637966,zne_rem,zne,True,0.0009998157791820336,True,True,0.025158718508978994
prism,dev_lagos,15,7,-0.004724448367414339,zne_rem,zne,True,0.004382690750267894,True,True,0.0323342480071663,-0.004724448367414339,zne_rem,zne,True,0.0034744897959183008,True,True,0.025158718508978994
prism,dev_lagos,16,7,0.0,zne_rem,zne_rem,False,0.0001248838031259628,True,True,0.0323342480071663,0.0,zne_rem,zne_rem,False,0.0001248838031259628,True,True,0.025158718508978994
prism,dev_lagos,17,7,0.0,zne_rem,zne_rem,False,0.0047179429959090385,True,True,0.0323342480071663,0.0,zne_rem,zne_rem,False,0.004660545036725398,True,True,0.025158718508978994
prism,dev_lagos,18,7,-0.0022058563560943306,rem,zne,True,0.006620800283689994,True,True,0.0323342480071663,-0.0022058563560943306,rem,zne,True,0.0024774659863945453,True,True,0.025158718508978994
prism,dev_lagos,19,7,-0.004706357331404866,zne_rem,rem,True,0.001148749698840145,True,True,0.0323342480071663,-0.004706357331404866,zne_rem,rem,True,0.001148749698840145,True,True,0.025158718508978994
prism,dev_lagos,20,7,-0.010209656330634793,zne_rem,zne,True,0.0021563126285976714,True,True,0.0323342480071663,-0.010209656330634793,zne_rem,zne,True,0.001405187074829847,True,True,0.025158718508978994
prism,dev_lagos,21,7,0.0,zne,zne,False,0.001182439019340715,True,True,0.0323342480071663,0.0,zne,zne,False,0.001182439019340715,True,True,0.025158718508978994
prism,dev_lagos,22,7,0.006086236998043353,zne_rem,zne,True,0.0010721075777745828,True,True,0.0323342480071663,0.006086236998043353,zne_rem,zne,True,0.0010721075777745828,True,True,0.025158718508978994
prism,dev_lagos,23,7,-0.010983549093224434,zne_rem,zne,True,0.003430976343386278,True,True,0.0323342480071663,-0.010983549093224434,zne_rem,zne,True,0.0022997448979591084,True,True,0.025158718508978994
prism,dev_lagos,24,7,0.017037714472485102,rem,zne_rem,True,0.006815588612648497,True,True,0.0323342480071663,0.017037714472485102,rem,zne_rem,True,0.006815588612648497,True,True,0.025158718508978994
prism,dev_lagos,25,7,0.0,zne_rem,zne_rem,False,0.0013878889474464426,True,True,0.0323342480071663,0.0,zne_rem,zne_rem,False,0.0013878889474464426,True,True,0.025158718508978994
prism,dev_lagos,26,7,0.0,zne_rem,zne_rem,False,0.0014842579799246203,True,True,0.0323342480071663,0.0,zne_rem,zne_rem,False,0.0014842579799246203,True,True,0.025158718508978994
prism,dev_lagos,27,7,0.0,zne_rem,zne_rem,False,0.001072569438625427,True,True,0.0323342480071663,0.0,zne_rem,zne_rem,False,0.001072569438625427,True,True,0.025158718508978994
prism,dev_lagos,28,7,0.011633389236841431,rem,zne_rem,True,0.009202967481524727,True,True,0.0323342480071663,0.011633389236841431,rem,zne_rem,True,0.009202967481524727,True,True,0.025158718508978994
prism,dev_lagos,29,7,-0.0026596145948428206,rem,zne,True,0.006831680453033941,True,True,0.0323342480071663,-0.0026596145948428206,rem,zne,True,0.0058639455782312794,True,True,0.025158718508978994
wheel5,dev_algiers,0,8,0.0,zne_rem,zne_rem,False,0.0017449743732352307,True,True,0.004796968316240566,0.0,zne_rem,zne_rem,False,0.0017449743732352307,True,True,0.004034748652857651
wheel5,dev_algiers,1,8,0.0021071329545540307,rem,zne,True,0.00205164397521182,True,True,0.004796968316240566,0.0021071329545540307,rem,zne,True,0.00205164397521182,True,True,0.004034748652857651
wheel5,dev_algiers,2,8,0.0007472958261284385,zne,zne_rem,True,0.0011646472686198117,True,True,0.004796968316240566,0.0007472958261284385,zne,zne_rem,True,0.0011646472686198117,True,True,0.004034748652857651
wheel5,dev_algiers,3,8,0.0,zne_rem,zne_rem,False,0.0012207145997604474,True,True,0.004796968316240566,0.0,zne_rem,zne_rem,False,0.0012207145997604474,True,True,0.004034748652857651
wheel5,dev_algiers,4,8,0.0031503318511675177,rem,zne,True,0.0012040965070181098,True,True,0.004796968316240566,0.0031503318511675177,rem,zne,True,0.0012040965070181098,True,True,0.004034748652857651
wheel5,dev_algiers,5,8,-0.00010370211273215413,zne,zne_rem,True,0.0005375397741930465,True,True,0.004796968316240566,-0.00010370211273215413,zne,zne_rem,True,0.0005375397741930465,True,True,0.004034748652857651
wheel5,dev_algiers,6,8,0.0,zne,zne,False,0.0003260059084037592,True,True,0.004796968316240566,0.0,zne,zne,False,0.0003260059084037592,True,True,0.004034748652857651
wheel5,dev_algiers,7,8,0.0,zne_rem,zne_rem,False,0.0002586947231125736,True,True,0.004796968316240566,0.0,zne_rem,zne_rem,False,0.0002586947231125736,True,True,0.004034748652857651
wheel5,dev_algiers,8,8,0.0013038778165026244,rem,zne,True,0.0007834223663293199,True,True,0.004796968316240566,0.0013038778165026244,rem,zne,True,0.0007834223663293199,True,True,0.004034748652857651
wheel5,dev_algiers,9,8,0.0011331605308281534,zne_rem,zne,True,0.002159273131764783,True,True,0.004796968316240566,0.0011331605308281534,zne_rem,zne,True,0.002159273131764783,True,True,0.004034748652857651
wheel5,dev_algiers,10,8,0.0003863507215233486,zne,zne_rem,True,0.00023913576192899355,True,True,0.004796968316240566,0.0003863507215233486,zne,zne_rem,True,0.00023913576192899355,True,True,0.004034748652857651
wheel5,dev_algiers,11,8,0.0,zne,zne,False,0.00023141592879129258,True,True,0.004796968316240566,0.0,zne,zne,False,0.00023141592879129258,True,True,0.004034748652857651
wheel5,dev_algiers,12,8,0.0011652765737710652,rem,zne_rem,True,0.0009603769039907978,True,True,0.004796968316240566,0.0011652765737710652,rem,zne_rem,True,0.0009603769039907978,True,True,0.004034748652857651
wheel5,dev_algiers,13,8,-3.383189597343239e-05,zne,zne_rem,True,0.00010305079668194994,True,True,0.004796968316240566,-3.383189597343239e-05,zne,zne_rem,True,0.00010305079668194994,True,True,0.004034748652857651
wheel5,dev_algiers,14,8,0.00035295863331047395,zne_rem,zne,True,0.0017964973109508148,True,True,0.004796968316240566,0.00035295863331047395,zne_rem,zne,True,0.0017964973109508148,True,True,0.004034748652857651
wheel5,dev_algiers,15,8,0.002837930999091784,rem,zne,True,0.0004740574583721735,True,True,0.004796968316240566,0.002837930999091784,rem,zne,True,0.0004740574583721735,True,True,0.004034748652857651
wheel5,dev_algiers,16,8,0.0003113675495029916,zne,zne_rem,True,0.0006598406591633854,True,True,0.004796968316240566,0.0003113675495029916,zne,zne_rem,True,0.0006598406591633854,True,True,0.004034748652857651
wheel5,dev_algiers,17,8,-0.001884805954169247,zne_rem,zne,True,4.129723847079436e-05,True,True,0.004796968316240566,-0.001884805954169247,zne_rem,zne,True,4.129723847079436e-05,True,True,0.004034748652857651
wheel5,dev_algiers,18,8,0.0,zne,zne,False,0.0004027066255813533,True,True,0.004796968316240566,0.0,zne,zne,False,0.0004027066255813533,True,True,0.004034748652857651
wheel5,dev_algiers,19,8,0.0,zne,zne,False,0.00035459964819263556,True,True,0.004796968316240566,0.0,zne,zne,False,0.00035459964819263556,True,True,0.004034748652857651
wheel5,dev_algiers,20,8,0.002208817132751728,rem,zne,True,0.0007566095914115223,True,True,0.004796968316240566,0.002208817132751728,rem,zne,True,0.0007566095914115223,True,True,0.004034748652857651
wheel5,dev_algiers,21,8,0.0,zne,zne,False,0.0007409215967377064,True,True,0.004796968316240566,0.0,zne,zne,False,0.0007409215967377064,True,True,0.004034748652857651
wheel5,dev_algiers,22,8,0.0,zne,zne,False,0.0010508046174168423,True,True,0.004796968316240566,0.0,zne,zne,False,0.0010508046174168423,True,True,0.004034748652857651
wheel5,dev_algiers,23,8,0.0010923170625291162,zne,zne_rem,True,0.0005995268677517485,True,True,0.004796968316240566,0.0010923170625291162,zne,zne_rem,True,0.0005995268677517485,True,True,0.004034748652857651
wheel5,dev_algiers,24,8,0.0014738980860482392,rem,zne,True,0.0001838918727692651,True,True,0.004796968316240566,0.0014738980860482392,rem,zne,True,0.0001838918727692651,True,True,0.004034748652857651
wheel5,dev_algiers,25,8,0.0017771513783978454,rem,zne_rem,True,1.0572609194042792e-05,True,True,0.004796968316240566,0.0030726083097115664,none,zne_rem,True,1.0572609194042792e-05,True,True,0.004034748652857651
wheel5,dev_algiers,26,8,0.0020280645120770158,rem,zne_rem,True,6.0610684968057105e-05,True,True,0.004796968316240566,0.0020280645120770158,rem,zne_rem,True,6.0610684968057105e-05,True,True,0.004034748652857651
wheel5,dev_algiers,27,8,0.0017948363695920178,rem,zne_rem,True,0.0005980537241263989,True,True,0.004796968316240566,0.0020864368089188873,none,zne_rem,True,0.0005980537241263989,True,True,0.004034748652857651
wheel5,dev_algiers,28,8,0.001235266999346285,zne,zne_rem,True,0.0009959923618852312,True,True,0.004796968316240566,0.001235266999346285,zne,zne_rem,True,0.0009959923618852312,True,True,0.004034748652857651
wheel5,dev_algiers,29,8,0.0,zne,zne,False,0.002437067369171708,True,True,0.004796968316240566,0.0,zne,zne,False,0.002437067369171708,True,True,0.004034748652857651
wheel5,dev_lagos,0,8,-0.003309478466863386,zne_rem,rem,True,0.0051192030157746204,True,True,0.027996315408456512,-0.003309478466863386,zne_rem,rem,True,0.0051192030157746204,True,True,0.021738830779209104
wheel5,dev_lagos,1,8,-0.0030657010865501044,rem,zne,True,0.001912164149310669,True,True,0.027996315408456512,-0.0030657010865501044,rem,zne,True,0.001912164149310669,True,True,0.021738830779209104
wheel5,dev_lagos,2,8,0.003205186712590194,rem,zne_rem,True,0.003342619243161482,True,True,0.027996315408456512,0.003205186712590194,rem,zne_rem,True,0.003342619243161482,True,True,0.021738830779209104
wheel5,dev_lagos,3,8,0.0,zne_rem,zne_rem,False,0.007998208219021904,True,True,0.027996315408456512,0.0,zne_rem,zne_rem,False,0.007998208219021904,True,True,0.021738830779209104
wheel5,dev_lagos,4,8,0.0,rem,rem,False,0.002142763983947568,True,True,0.027996315408456512,0.0,rem,rem,False,0.002142763983947568,True,True,0.021738830779209104
wheel5,dev_lagos,5,8,0.0,zne_rem,zne_rem,False,0.008383656584300792,True,True,0.027996315408456512,0.0,zne_rem,zne_rem,False,0.008289117813817831,True,True,0.021738830779209104
wheel5,dev_lagos,6,8,0.0,zne_rem,zne_rem,False,0.003734397933068276,True,True,0.027996315408456512,0.0,zne_rem,zne_rem,False,0.003734397933068276,True,True,0.021738830779209104
wheel5,dev_lagos,7,8,0.0036084016160232435,zne_rem,zne,True,0.002776979007874797,True,True,0.027996315408456512,0.0036084016160232435,zne_rem,zne,True,0.0020683593749999535,True,True,0.021738830779209104
wheel5,dev_lagos,8,8,0.0,zne,zne,False,0.0004262036117416712,True,True,0.027996315408456512,0.0,zne,zne,False,0.0004262036117416712,True,True,0.021738830779209104
wheel5,dev_lagos,9,8,0.003158939351983525,rem,zne,True,0.0004082282152124417,True,True,0.027996315408456512,0.003158939351983525,rem,zne,True,0.0004082282152124417,True,True,0.021738830779209104
wheel5,dev_lagos,10,8,0.009539023138808583,rem,zne_rem,True,0.001901727462494715,True,True,0.027996315408456512,0.009539023138808583,rem,zne_rem,True,0.001901727462494715,True,True,0.021738830779209104
wheel5,dev_lagos,11,8,0.009460125275977518,zne_rem,rem,True,0.0029286169871732687,True,True,0.027996315408456512,0.009460125275977518,zne_rem,rem,True,0.0029286169871732687,True,True,0.021738830779209104
wheel5,dev_lagos,12,8,-0.0027072883611384685,zne_rem,rem,True,0.004866829148821791,True,True,0.027996315408456512,-0.0027072883611384685,zne_rem,rem,True,0.004866829148821791,True,True,0.021738830779209104
wheel5,dev_lagos,13,8,-0.005754294545635516,rem,zne_rem,True,0.0027906871555846563,True,True,0.027996315408456512,-0.005754294545635516,rem,zne_rem,True,0.0027906871555846563,True,True,0.021738830779209104
wheel5,dev_lagos,14,8,0.0,rem,rem,False,0.0007104842408389572,True,True,0.027996315408456512,0.0,rem,rem,False,0.0007104842408389572,True,True,0.021738830779209104
wheel5,dev_lagos,15,8,0.0,zne,zne,False,0.0025619107688716197,True,True,0.027996315408456512,0.0,zne,zne,False,0.0010800781249999947,True,True,0.021738830779209104
wheel5,dev_lagos,16,8,0.0,zne_rem,zne_rem,False,0.008961160620792982,True,True,0.027996315408456512,0.0,zne_rem,zne_rem,False,0.008961160620792982,True,True,0.021738830779209104
wheel5,dev_lagos,17,8,0.0,zne_rem,zne_rem,False,0.004092851179187673,True,True,0.027996315408456512,0.0,zne_rem,zne_rem,False,0.004092851179187673,True,True,0.021738830779209104
wheel5,dev_lagos,18,8,-0.004190002103642704,zne,zne_rem,True,0.00041199234386818384,True,True,0.027996315408456512,-0.004190002103642704,zne,zne_rem,True,0.00041199234386818384,True,True,0.021738830779209104
wheel5,dev_lagos,19,8,0.0,zne_rem,zne_rem,False,0.0009718502578911631,True,True,0.027996315408456512,0.0,zne_rem,zne_rem,False,0.0009718502578911631,True,True,0.021738830779209104
wheel5,dev_lagos,20,8,0.005755915145808477,zne_rem,rem,True,0.002890916980404834,True,True,0.027996315408456512,0.005755915145808477,zne_rem,rem,True,0.002890916980404834,True,True,0.021738830779209104
wheel5,dev_lagos,21,8,-0.0007975693008353407,zne_rem,rem,True,0.004745932269345443,True,True,0.027996315408456512,-0.0007975693008353407,zne_rem,rem,True,0.004745932269345443,True,True,0.021738830779209104
wheel5,dev_lagos,22,8,0.0,zne,zne,False,0.0012912649746809751,True,True,0.027996315408456512,0.0,zne,zne,False,0.0012912649746809751,True,True,0.021738830779209104
wheel5,dev_lagos,23,8,0.005126044456269033,zne_rem,zne,True,0.007569160086921434,True,True,0.027996315408456512,0.005126044456269033,zne_rem,zne,True,0.0016292317708333226,True,True,0.021738830779209104
wheel5,dev_lagos,24,8,-0.0018829602225466646,rem,zne_rem,True,0.0021150172389045596,True,True,0.027996315408456512,-0.0018829602225466646,rem,zne_rem,True,0.0021150172389045596,True,True,0.021738830779209104
wheel5,dev_lagos,25,8,0.0,zne_rem,zne_rem,False,0.0009778875770211498,True,True,0.027996315408456512,0.0,zne_rem,zne_rem,False,0.0009778875770211498,True,True,0.021738830779209104
wheel5,dev_lagos,26,8,0.0,zne_rem,zne_rem,False,0.0027908283993188926,True,True,0.027996315408456512,0.0,zne_rem,zne_rem,False,0.0027908283993188926,True,True,0.021738830779209104
wheel5,dev_lagos,27,8,0.0,zne_rem,zne_rem,False,0.012436805144175375,False,True,0.027996315408456512,0.0,zne_rem,zne_rem,False,0.012436805144175375,False,True,0.021738830779209104
wheel5,dev_lagos,28,8,0.0,zne_rem,zne_rem,False,0.005969347229130728,True,True,0.027996315408456512,0.0,zne_rem,zne_rem,False,0.005969347229130728,True,True,0.021738830779209104
wheel5,dev_lagos,29,8,0.0,zne_rem,zne_rem,False,0.007364225291916007,True,True,0.027996315408456512,0.0,zne_rem,zne_rem,False,0.007364225291916007,True,True,0.021738830779209104
